voting,models,model_count,exact_match_accuracy,mean_label_accuracy,diabetes_accuracy,hypertension_accuracy,obesity_accuracy,diabetes_f1,hypertension_f1,obesity_f1,overall_f1
hard,logistic_regression + gradient_boosting,2,0.6936170212765957,0.8638297872340425,0.8170212765957446,0.774468085106383,1.0,0.6386554621848739,0.0,1.0,0.5462184873949579
hard,svm + logistic_regression + gradient_boosting,3,0.6936170212765957,0.8624113475177305,0.8127659574468085,0.774468085106383,1.0,0.6333333333333333,0.0,1.0,0.5444444444444444
hard,svm + ridge_classifier + gradient_boosting,3,0.6936170212765957,0.8624113475177305,0.8127659574468085,0.774468085106383,1.0,0.6333333333333333,0.0,1.0,0.5444444444444444
hard,svm + logistic_regression + ridge_classifier + gradient_boosting,4,0.6936170212765957,0.8624113475177305,0.8127659574468085,0.774468085106383,1.0,0.6333333333333333,0.0,1.0,0.5444444444444444
hard,knn + svm + decision_tree + gradient_boosting + sgd_classifier,5,0.6936170212765957,0.8624113475177304,0.8170212765957446,0.774468085106383,0.9957446808510638,0.6194690265486725,0.07017543859649122,0.9934640522875817,0.5610361724775818
hard,knn + svm + logistic_regression + decision_tree + gradient_boosting + sgd_classifier,6,0.6936170212765957,0.8624113475177304,0.8170212765957446,0.774468085106383,0.9957446808510638,0.6194690265486725,0.07017543859649122,0.9934640522875817,0.5610361724775818
hard,knn + svm + ridge_classifier + decision_tree + gradient_boosting + sgd_classifier,6,0.6936170212765957,0.8624113475177304,0.8170212765957446,0.774468085106383,0.9957446808510638,0.6194690265486725,0.07017543859649122,0.9934640522875817,0.5610361724775818
hard,knn + svm + logistic_regression + decision_tree + gradient_boosting,5,0.6936170212765957,0.8609929078014185,0.8085106382978723,0.774468085106383,1.0,0.6153846153846154,0.07017543859649122,1.0,0.5618533513270355
hard,knn + svm + ridge_classifier + decision_tree + gradient_boosting,5,0.6936170212765957,0.8609929078014185,0.8085106382978723,0.774468085106383,1.0,0.6153846153846154,0.07017543859649122,1.0,0.5618533513270355
hard,knn + svm + logistic_regression + ridge_classifier + decision_tree + gradient_boosting,6,0.6936170212765957,0.8609929078014185,0.8085106382978723,0.774468085106383,1.0,0.6153846153846154,0.07017543859649122,1.0,0.5618533513270355
hard,knn + svm + naive_bayes + logistic_regression + gradient_boosting,5,0.6936170212765957,0.8595744680851064,0.8127659574468085,0.7659574468085106,1.0,0.6206896551724138,0.09836065573770492,1.0,0.573016770303373
hard,svm + gradient_boosting + sgd_classifier,3,0.6893617021276596,0.8638297872340425,0.8212765957446808,0.774468085106383,0.9957446808510638,0.6379310344827587,0.0,0.9934640522875817,0.5437983622567801
hard,svm + logistic_regression + gradient_boosting + sgd_classifier,4,0.6893617021276596,0.8638297872340425,0.8212765957446808,0.774468085106383,0.9957446808510638,0.6379310344827587,0.0,0.9934640522875817,0.5437983622567801
hard,svm + ridge_classifier + gradient_boosting + sgd_classifier,4,0.6893617021276596,0.8638297872340425,0.8212765957446808,0.774468085106383,0.9957446808510638,0.6379310344827587,0.0,0.9934640522875817,0.5437983622567801
hard,knn + decision_tree + gradient_boosting,3,0.6893617021276596,0.8624113475177305,0.8127659574468085,0.774468085106383,1.0,0.6,0.07017543859649122,1.0,0.5567251461988304
hard,knn + logistic_regression + decision_tree + gradient_boosting,4,0.6893617021276596,0.8624113475177305,0.8127659574468085,0.774468085106383,1.0,0.6,0.07017543859649122,1.0,0.5567251461988304
hard,knn + svm + naive_bayes + decision_tree + gradient_boosting,5,0.6893617021276596,0.8624113475177305,0.8170212765957446,0.7702127659574468,1.0,0.6126126126126126,0.03571428571428571,1.0,0.5494422994422994
hard,knn + svm + naive_bayes + logistic_regression + decision_tree + gradient_boosting,6,0.6893617021276596,0.8624113475177305,0.8170212765957446,0.7702127659574468,1.0,0.6126126126126126,0.03571428571428571,1.0,0.5494422994422994
hard,knn + svm + naive_bayes + gradient_boosting + sgd_classifier,5,0.6893617021276596,0.8595744680851064,0.8127659574468085,0.7702127659574468,0.9957446808510638,0.6071428571428571,0.1,0.9934640522875817,0.5668689698101462
hard,knn + svm + naive_bayes + logistic_regression + gradient_boosting + sgd_classifier,6,0.6893617021276596,0.8595744680851064,0.8127659574468085,0.7702127659574468,0.9957446808510638,0.6071428571428571,0.1,0.9934640522875817,0.5668689698101462
hard,knn + svm + logistic_regression + decision_tree + extra_trees + gradient_boosting + sgd_classifier,7,0.6893617021276596,0.8567375886524822,0.8127659574468085,0.7617021276595745,0.9957446808510638,0.6206896551724138,0.125,0.9934640522875817,0.5797179024866651
hard,knn + svm + ridge_classifier + decision_tree + extra_trees + gradient_boosting + sgd_classifier,7,0.6893617021276596,0.8567375886524822,0.8127659574468085,0.7617021276595745,0.9957446808510638,0.6206896551724138,0.125,0.9934640522875817,0.5797179024866651
hard,knn + svm + logistic_regression + ridge_classifier + decision_tree + extra_trees + gradient_boosting + sgd_classifier,8,0.6893617021276596,0.8567375886524822,0.8127659574468085,0.7617021276595745,0.9957446808510638,0.6206896551724138,0.125,0.9934640522875817,0.5797179024866651
hard,decision_tree + extra_trees + gradient_boosting,3,0.6851063829787234,0.8638297872340425,0.825531914893617,0.7659574468085106,1.0,0.6019417475728155,0.09836065573770492,1.0,0.5667674677701734
hard,svm + decision_tree + gradient_boosting + sgd_classifier,4,0.6851063829787234,0.8638297872340425,0.8212765957446808,0.774468085106383,0.9957446808510638,0.6111111111111112,0.0,0.9934640522875817,0.5348583877995643
hard,knn + svm + random_forest + decision_tree + gradient_boosting,5,0.6851063829787234,0.8638297872340425,0.8127659574468085,0.7787234042553192,1.0,0.5925925925925926,0.07142857142857142,1.0,0.554673721340388
hard,knn + svm + random_forest + logistic_regression + decision_tree + gradient_boosting,6,0.6851063829787234,0.8638297872340425,0.8127659574468085,0.7787234042553192,1.0,0.5925925925925926,0.07142857142857142,1.0,0.554673721340388
hard,knn + svm + random_forest + ridge_classifier + decision_tree + gradient_boosting,6,0.6851063829787234,0.8638297872340425,0.8127659574468085,0.7787234042553192,1.0,0.5925925925925926,0.07142857142857142,1.0,0.554673721340388
hard,svm + decision_tree + gradient_boosting,3,0.6851063829787234,0.8624113475177305,0.8127659574468085,0.774468085106383,1.0,0.6140350877192983,0.0,1.0,0.5380116959064328
hard,svm + logistic_regression + decision_tree + gradient_boosting,4,0.6851063829787234,0.8624113475177305,0.8127659574468085,0.774468085106383,1.0,0.6140350877192983,0.0,1.0,0.5380116959064328
hard,svm + ridge_classifier + decision_tree + gradient_boosting,4,0.6851063829787234,0.8624113475177305,0.8127659574468085,0.774468085106383,1.0,0.6140350877192983,0.0,1.0,0.5380116959064328
hard,ridge_classifier + gradient_boosting,2,0.6851063829787234,0.8595744680851064,0.8170212765957446,0.774468085106383,0.9872340425531915,0.6386554621848739,0.0,0.9801324503311258,0.5395959708386666
hard,knn + svm + logistic_regression + gradient_boosting + sgd_classifier,5,0.6851063829787234,0.8595744680851064,0.8127659574468085,0.7702127659574468,0.9957446808510638,0.639344262295082,0.12903225806451613,0.9934640522875817,0.5872801908823932
hard,knn + svm + ridge_classifier + gradient_boosting + sgd_classifier,5,0.6851063829787234,0.8595744680851064,0.8127659574468085,0.7702127659574468,0.9957446808510638,0.639344262295082,0.12903225806451613,0.9934640522875817,0.5872801908823932
hard,knn + svm + logistic_regression + ridge_classifier + gradient_boosting + sgd_classifier,6,0.6851063829787234,0.8595744680851064,0.8127659574468085,0.7702127659574468,0.9957446808510638,0.639344262295082,0.12903225806451613,0.9934640522875817,0.5872801908823932
hard,knn + svm + random_forest + naive_bayes + logistic_regression + extra_trees + gradient_boosting,7,0.6851063829787234,0.8595744680851064,0.8127659574468085,0.7659574468085106,1.0,0.6071428571428571,0.15384615384615385,1.0,0.586996336996337
hard,knn + svm + naive_bayes + logistic_regression + decision_tree + extra_trees + gradient_boosting,7,0.6851063829787234,0.8581560283687942,0.8170212765957446,0.7574468085106383,1.0,0.6194690265486725,0.12307692307692308,1.0,0.5808486498751986
hard,knn + logistic_regression + gradient_boosting,3,0.6851063829787234,0.8567375886524822,0.8085106382978723,0.7617021276595745,1.0,0.64,0.125,1.0,0.5883333333333334
hard,knn + logistic_regression + decision_tree + extra_trees + gradient_boosting,5,0.6851063829787234,0.8567375886524822,0.8127659574468085,0.7574468085106383,1.0,0.6271186440677966,0.12307692307692308,1.0,0.5833985223815733
hard,knn + svm + logistic_regression + ridge_classifier + gradient_boosting,5,0.6851063829787234,0.8567375886524822,0.8085106382978723,0.7617021276595745,1.0,0.64,0.125,1.0,0.5883333333333334
hard,knn + svm + logistic_regression + extra_trees + gradient_boosting,5,0.6851063829787234,0.8553191489361702,0.8042553191489362,0.7659574468085106,0.9957446808510638,0.5964912280701754,0.09836065573770492,0.9934640522875817,0.5627719786984874
hard,knn + svm + naive_bayes + ridge_classifier + gradient_boosting,5,0.6851063829787234,0.8553191489361702,0.8127659574468085,0.7659574468085106,0.9872340425531915,0.6206896551724138,0.09836065573770492,0.9801324503311258,0.5663942537470815
hard,knn + svm + naive_bayes + logistic_regression + ridge_classifier + gradient_boosting,6,0.6851063829787234,0.8553191489361702,0.8127659574468085,0.7659574468085106,0.9872340425531915,0.6206896551724138,0.09836065573770492,0.9801324503311258,0.5663942537470815
hard,svm + random_forest + decision_tree + extra_trees + gradient_boosting,5,0.6808510638297872,0.8652482269503546,0.8212765957446808,0.774468085106383,1.0,0.58,0.07017543859649122,1.0,0.5500584795321637
hard,gradient_boosting + sgd_classifier,2,0.6808510638297872,0.8638297872340425,0.8212765957446808,0.774468085106383,0.9957446808510638,0.6181818181818182,0.0,0.9934640522875817,0.5372152901564666
hard,random_forest + decision_tree + gradient_boosting,3,0.6808510638297872,0.8638297872340425,0.825531914893617,0.7659574468085106,1.0,0.5684210526315789,0.09836065573770492,1.0,0.5555939027897613
hard,svm + naive_bayes + gradient_boosting,3,0.6808510638297872,0.8638297872340425,0.8170212765957446,0.774468085106383,1.0,0.6126126126126126,0.0,1.0,0.5375375375375375
hard,svm + naive_bayes + gradient_boosting + sgd_classifier,4,0.6808510638297872,0.8638297872340425,0.8212765957446808,0.774468085106383,0.9957446808510638,0.6037735849056604,0.0,0.9934640522875817,0.5324125457310807
hard,svm + naive_bayes + logistic_regression + gradient_boosting,4,0.6808510638297872,0.8638297872340425,0.8170212765957446,0.774468085106383,1.0,0.6126126126126126,0.0,1.0,0.5375375375375375
hard,logistic_regression + decision_tree + extra_trees + gradient_boosting,4,0.6808510638297872,0.8624113475177305,0.8212765957446808,0.7659574468085106,1.0,0.5882352941176471,0.09836065573770492,1.0,0.562198649951784
hard,knn + svm + random_forest + naive_bayes + gradient_boosting,5,0.6808510638297872,0.8609929078014185,0.8170212765957446,0.7659574468085106,1.0,0.6055045871559633,0.03508771929824561,1.0,0.546864102151403
hard,knn + svm + random_forest + naive_bayes + logistic_regression + gradient_boosting,6,0.6808510638297872,0.8609929078014185,0.8170212765957446,0.7659574468085106,1.0,0.6055045871559633,0.03508771929824561,1.0,0.546864102151403
hard,knn + gradient_boosting + sgd_classifier,3,0.6808510638297872,0.8595744680851064,0.8127659574468085,0.7702127659574468,0.9957446808510638,0.6271186440677966,0.12903225806451613,0.9934640522875817,0.5832049848066315
hard,knn + logistic_regression + gradient_boosting + sgd_classifier,4,0.6808510638297872,0.8595744680851064,0.8127659574468085,0.7702127659574468,0.9957446808510638,0.6271186440677966,0.12903225806451613,0.9934640522875817,0.5832049848066315
hard,knn + svm + decision_tree + extra_trees + gradient_boosting,5,0.6808510638297872,0.8595744680851064,0.8085106382978723,0.774468085106383,0.9957446808510638,0.5871559633027523,0.07017543859649122,0.9934640522875817,0.5502651513956084
hard,knn + svm + random_forest + gradient_boosting + sgd_classifier,5,0.6808510638297872,0.8595744680851064,0.8085106382978723,0.774468085106383,0.9957446808510638,0.6017699115044248,0.07017543859649122,0.9934640522875817,0.5551364674628326
hard,knn + svm + logistic_regression + decision_tree + extra_trees + gradient_boosting,6,0.6808510638297872,0.8595744680851064,0.8085106382978723,0.774468085106383,0.9957446808510638,0.5871559633027523,0.07017543859649122,0.9934640522875817,0.5502651513956084
hard,knn + svm + naive_bayes + decision_tree + gradient_boosting + sgd_classifier,6,0.6808510638297872,0.8595744680851064,0.8127659574468085,0.7702127659574468,0.9957446808510638,0.5925925925925926,0.03571428571428571,0.9934640522875817,0.5405903101981533
hard,knn + svm + random_forest + logistic_regression + gradient_boosting + sgd_classifier,6,0.6808510638297872,0.8595744680851064,0.8085106382978723,0.774468085106383,0.9957446808510638,0.6017699115044248,0.07017543859649122,0.9934640522875817,0.5551364674628326
hard,knn + svm + random_forest + ridge_classifier + gradient_boosting + sgd_classifier,6,0.6808510638297872,0.8595744680851064,0.8085106382978723,0.774468085106383,0.9957446808510638,0.6017699115044248,0.07017543859649122,0.9934640522875817,0.5551364674628326
hard,knn + svm + naive_bayes + logistic_regression + decision_tree + gradient_boosting + sgd_classifier,7,0.6808510638297872,0.8595744680851064,0.8212765957446808,0.7574468085106383,1.0,0.6379310344827587,0.17391304347826086,1.0,0.6039480259870066
hard,knn + svm + naive_bayes + ridge_classifier + decision_tree + gradient_boosting + sgd_classifier,7,0.6808510638297872,0.8595744680851064,0.8212765957446808,0.7574468085106383,1.0,0.6379310344827587,0.17391304347826086,1.0,0.6039480259870066
hard,knn + svm + random_forest + logistic_regression + decision_tree + extra_trees + gradient_boosting,7,0.6808510638297872,0.8595744680851064,0.8170212765957446,0.7617021276595745,1.0,0.6126126126126126,0.06666666666666667,1.0,0.5597597597597598
hard,knn + svm + random_forest + ridge_classifier + decision_tree + extra_trees + gradient_boosting,7,0.6808510638297872,0.8595744680851064,0.8170212765957446,0.7617021276595745,1.0,0.6126126126126126,0.06666666666666667,1.0,0.5597597597597598
hard,knn + svm + naive_bayes + logistic_regression + ridge_classifier + decision_tree + gradient_boosting + sgd_classifier,8,0.6808510638297872,0.8595744680851064,0.8212765957446808,0.7574468085106383,1.0,0.6379310344827587,0.17391304347826086,1.0,0.6039480259870066
hard,knn + svm + random_forest + logistic_regression + ridge_classifier + decision_tree + extra_trees + gradient_boosting,8,0.6808510638297872,0.8595744680851064,0.8170212765957446,0.7617021276595745,1.0,0.6126126126126126,0.06666666666666667,1.0,0.5597597597597598
hard,knn + svm + sgd_classifier,3,0.6808510638297872,0.8581560283687942,0.8085106382978723,0.7702127659574468,0.9957446808510638,0.5945945945945946,0.12903225806451613,0.9934640522875817,0.5723636349822309
hard,knn + ridge_classifier + decision_tree + gradient_boosting,4,0.6808510638297872,0.8581560283687942,0.8127659574468085,0.774468085106383,0.9872340425531915,0.6,0.07017543859649122,0.9801324503311258,0.550102629642539
hard,knn + svm + logistic_regression + sgd_classifier,4,0.6808510638297872,0.8581560283687942,0.8085106382978723,0.7702127659574468,0.9957446808510638,0.5945945945945946,0.12903225806451613,0.9934640522875817,0.5723636349822309
hard,knn + svm + extra_trees + gradient_boosting + sgd_classifier,5,0.6808510638297872,0.8581560283687942,0.8085106382978723,0.7702127659574468,0.9957446808510638,0.5871559633027523,0.1,0.9934640522875817,0.5602066718634447
hard,knn + svm + random_forest + logistic_regression + gradient_boosting,5,0.6808510638297872,0.8581560283687942,0.8042553191489362,0.7702127659574468,1.0,0.603448275862069,0.06896551724137931,1.0,0.5574712643678161
hard,knn + svm + random_forest + ridge_classifier + gradient_boosting,5,0.6808510638297872,0.8581560283687942,0.8042553191489362,0.7702127659574468,1.0,0.603448275862069,0.06896551724137931,1.0,0.5574712643678161
hard,random_forest + logistic_regression + decision_tree + extra_trees + gradient_boosting,5,0.6808510638297872,0.8581560283687942,0.8212765957446808,0.7531914893617021,1.0,0.6111111111111112,0.17142857142857143,1.0,0.5941798941798943
hard,random_forest + ridge_classifier + decision_tree + extra_trees + gradient_boosting,5,0.6808510638297872,0.8581560283687942,0.8212765957446808,0.7531914893617021,1.0,0.6111111111111112,0.17142857142857143,1.0,0.5941798941798943
hard,knn + svm + logistic_regression + extra_trees + gradient_boosting + sgd_classifier,6,0.6808510638297872,0.8581560283687942,0.8085106382978723,0.7702127659574468,0.9957446808510638,0.5871559633027523,0.1,0.9934640522875817,0.5602066718634447
hard,knn + svm + naive_bayes + ridge_classifier + decision_tree + gradient_boosting,6,0.6808510638297872,0.8581560283687942,0.8170212765957446,0.7702127659574468,0.9872340425531915,0.6126126126126126,0.03571428571428571,0.9801324503311258,0.5428197828860081
hard,knn + svm + random_forest + logistic_regression + ridge_classifier + gradient_boosting,6,0.6808510638297872,0.8581560283687942,0.8042553191489362,0.7702127659574468,1.0,0.603448275862069,0.06896551724137931,1.0,0.5574712643678161
hard,knn + svm + random_forest + naive_bayes + logistic_regression + ridge_classifier + decision_tree + extra_trees + gradient_boosting,9,0.6808510638297872,0.8581560283687942,0.8170212765957446,0.7574468085106383,1.0,0.6260869565217392,0.19718309859154928,1.0,0.6077566850377628
hard,knn + svm + random_forest + logistic_regression + ridge_classifier + extra_trees + gradient_boosting,7,0.6808510638297872,0.8567375886524823,0.8042553191489362,0.7659574468085106,1.0,0.6101694915254238,0.15384615384615385,1.0,0.5880052151238592
hard,knn + decision_tree + extra_trees + gradient_boosting + sgd_classifier,5,0.6808510638297872,0.8567375886524822,0.8127659574468085,0.7617021276595745,0.9957446808510638,0.6071428571428571,0.125,0.9934640522875817,0.5752023031434796
hard,svm + decision_tree + extra_trees + gradient_boosting + sgd_classifier,5,0.6808510638297872,0.8567375886524822,0.8085106382978723,0.7659574468085106,0.9957446808510638,0.6017699115044248,0.09836065573770492,0.9934640522875817,0.5645315398432372
hard,knn + logistic_regression + decision_tree + extra_trees + gradient_boosting + sgd_classifier,6,0.6808510638297872,0.8567375886524822,0.8127659574468085,0.7617021276595745,0.9957446808510638,0.6071428571428571,0.125,0.9934640522875817,0.5752023031434796
hard,svm + logistic_regression + decision_tree + extra_trees + gradient_boosting + sgd_classifier,6,0.6808510638297872,0.8567375886524822,0.8085106382978723,0.7659574468085106,0.9957446808510638,0.6017699115044248,0.09836065573770492,0.9934640522875817,0.5645315398432372
hard,svm + ridge_classifier + decision_tree + extra_trees + gradient_boosting + sgd_classifier,6,0.6808510638297872,0.8567375886524822,0.8085106382978723,0.7659574468085106,0.9957446808510638,0.6017699115044248,0.09836065573770492,0.9934640522875817,0.5645315398432372
hard,knn + svm + naive_bayes + ridge_classifier + gradient_boosting + sgd_classifier,6,0.6808510638297872,0.8553191489361702,0.8127659574468085,0.7702127659574468,0.9829787234042553,0.6071428571428571,0.1,0.9733333333333334,0.5601587301587302
hard,knn + svm + logistic_regression + ridge_classifier + decision_tree + extra_trees + gradient_boosting,7,0.6808510638297872,0.8539007092198582,0.8042553191489362,0.7574468085106383,1.0,0.6166666666666667,0.12307692307692308,1.0,0.57991452991453
hard,knn + svm + random_forest + logistic_regression + extra_trees + gradient_boosting + sgd_classifier,7,0.6808510638297872,0.8539007092198582,0.8,0.7659574468085106,0.9957446808510638,0.591304347826087,0.12698412698412698,0.9934640522875817,0.5705841756992652
hard,knn + svm + random_forest + ridge_classifier + extra_trees + gradient_boosting + sgd_classifier,7,0.6808510638297872,0.8539007092198582,0.8,0.7659574468085106,0.9957446808510638,0.591304347826087,0.12698412698412698,0.9934640522875817,0.5705841756992652
hard,knn + svm + random_forest + logistic_regression + ridge_classifier + extra_trees + gradient_boosting + sgd_classifier,8,0.6808510638297872,0.8539007092198582,0.8,0.7659574468085106,0.9957446808510638,0.591304347826087,0.12698412698412698,0.9934640522875817,0.5705841756992652
hard,svm + decision_tree + extra_trees + gradient_boosting,4,0.676595744680851,0.8652482269503546,0.825531914893617,0.774468085106383,0.9957446808510638,0.5684210526315789,0.0,0.9934640522875817,0.5206283683063869
hard,svm + random_forest + logistic_regression + decision_tree + extra_trees + gradient_boosting,6,0.676595744680851,0.8638297872340425,0.8170212765957446,0.774468085106383,1.0,0.5656565656565656,0.07017543859649122,1.0,0.5452773347510189
hard,svm + random_forest + ridge_classifier + decision_tree + extra_trees + gradient_boosting,6,0.676595744680851,0.8638297872340425,0.8170212765957446,0.774468085106383,1.0,0.5656565656565656,0.07017543859649122,1.0,0.5452773347510189
hard,random_forest + logistic_regression + decision_tree + gradient_boosting,4,0.676595744680851,0.8624113475177305,0.8212765957446808,0.7659574468085106,1.0,0.5531914893617021,0.09836065573770492,1.0,0.5505173816998024
hard,random_forest + ridge_classifier + decision_tree + gradient_boosting,4,0.676595744680851,0.8624113475177305,0.8212765957446808,0.7659574468085106,1.0,0.5531914893617021,0.09836065573770492,1.0,0.5505173816998024
hard,svm + random_forest + naive_bayes + decision_tree + extra_trees,5,0.676595744680851,0.8624113475177305,0.8297872340425532,0.7574468085106383,1.0,0.5918367346938775,0.17391304347826086,1.0,0.5885832593907128
hard,svm + random_forest + gradient_boosting,3,0.676595744680851,0.8609929078014185,0.8085106382978723,0.774468085106383,1.0,0.5945945945945946,0.0,1.0,0.5315315315315315
hard,knn + svm + gradient_boosting + sgd_classifier,4,0.676595744680851,0.8609929078014185,0.8127659574468085,0.774468085106383,0.9957446808510638,0.5849056603773585,0.0,0.9934640522875817,0.5261232375549801
hard,svm + random_forest + gradient_boosting + sgd_classifier,4,0.676595744680851,0.8609929078014185,0.8127659574468085,0.774468085106383,0.9957446808510638,0.5849056603773585,0.0,0.9934640522875817,0.5261232375549801
hard,svm + random_forest + logistic_regression + gradient_boosting,4,0.676595744680851,0.8609929078014185,0.8085106382978723,0.774468085106383,1.0,0.5945945945945946,0.0,1.0,0.5315315315315315
hard,svm + random_forest + ridge_classifier + gradient_boosting,4,0.676595744680851,0.8609929078014185,0.8085106382978723,0.774468085106383,1.0,0.5945945945945946,0.0,1.0,0.5315315315315315
soft,decision_tree + extra_trees + gradient_boosting + sgd_classifier,4,0.676595744680851,0.8609929078014185,0.8170212765957446,0.7659574468085106,1.0,0.5904761904761905,0.2465753424657534,1.0,0.612350510980648
hard,random_forest + naive_bayes + decision_tree + extra_trees + gradient_boosting,5,0.676595744680851,0.8609929078014185,0.825531914893617,0.7574468085106383,1.0,0.5858585858585859,0.17391304347826086,1.0,0.5865905431122823
hard,knn + svm + random_forest + decision_tree + gradient_boosting + sgd_classifier,6,0.676595744680851,0.8609929078014185,0.8085106382978723,0.7787234042553192,0.9957446808510638,0.5714285714285714,0.07142857142857142,0.9934640522875817,0.5454403983815749
hard,knn + svm + random_forest + naive_bayes + gradient_boosting + sgd_classifier,6,0.676595744680851,0.8609929078014185,0.8170212765957446,0.7702127659574468,0.9957446808510638,0.5981308411214953,0.03571428571428571,0.9934640522875817,0.5424363930411209
soft,random_forest + extra_trees,2,0.676595744680851,0.8595744680851064,0.8212765957446808,0.7574468085106383,1.0,0.5531914893617021,0.24,1.0,0.5977304964539006
hard,knn + svm + gradient_boosting,3,0.676595744680851,0.8595744680851064,0.8085106382978723,0.774468085106383,0.9957446808510638,0.5945945945945946,0.0,0.9934640522875817,0.5293528822940589
hard,knn + svm + logistic_regression + gradient_boosting,4,0.676595744680851,0.8595744680851064,0.8085106382978723,0.774468085106383,0.9957446808510638,0.5945945945945946,0.0,0.9934640522875817,0.5293528822940589
soft,svm + random_forest + extra_trees + sgd_classifier,4,0.676595744680851,0.8595744680851064,0.8212765957446808,0.7574468085106383,1.0,0.6111111111111112,0.14925373134328357,1.0,0.5867882808181316
hard,svm + random_forest + logistic_regression + extra_trees + gradient_boosting,5,0.676595744680851,0.8595744680851064,0.8085106382978723,0.7702127659574468,1.0,0.6086956521739131,0.12903225806451613,1.0,0.5792426367461431
hard,svm + random_forest + ridge_classifier + extra_trees + gradient_boosting,5,0.676595744680851,0.8595744680851064,0.8085106382978723,0.7702127659574468,1.0,0.6086956521739131,0.12903225806451613,1.0,0.5792426367461431
hard,svm + random_forest + logistic_regression + ridge_classifier + extra_trees + gradient_boosting,6,0.676595744680851,0.8595744680851064,0.8085106382978723,0.7702127659574468,1.0,0.6086956521739131,0.12903225806451613,1.0,0.5792426367461431
hard,knn + svm + random_forest + naive_bayes + decision_tree + gradient_boosting + sgd_classifier,7,0.676595744680851,0.8595744680851064,0.8127659574468085,0.7659574468085106,1.0,0.6071428571428571,0.09836065573770492,1.0,0.5685011709601874
hard,knn + svm + random_forest + naive_bayes + logistic_regression + decision_tree + gradient_boosting + sgd_classifier,8,0.676595744680851,0.8595744680851064,0.8127659574468085,0.7659574468085106,1.0,0.6071428571428571,0.09836065573770492,1.0,0.5685011709601874
hard,knn + svm + random_forest + naive_bayes + ridge_classifier + decision_tree + gradient_boosting + sgd_classifier,8,0.676595744680851,0.8595744680851064,0.8127659574468085,0.7659574468085106,1.0,0.6071428571428571,0.09836065573770492,1.0,0.5685011709601874
hard,knn + naive_bayes + logistic_regression + decision_tree + gradient_boosting,5,0.676595744680851,0.8581560283687942,0.8212765957446808,0.7531914893617021,1.0,0.6440677966101694,0.19444444444444445,1.0,0.6128374136848712
hard,svm + random_forest + logistic_regression + gradient_boosting + sgd_classifier,5,0.676595744680851,0.8581560283687942,0.8042553191489362,0.7702127659574468,1.0,0.6290322580645161,0.12903225806451613,1.0,0.5860215053763441
hard,svm + random_forest + logistic_regression + extra_trees + gradient_boosting + sgd_classifier,6,0.676595744680851,0.8581560283687942,0.8042553191489362,0.774468085106383,0.9957446808510638,0.5892857142857143,0.1016949152542373,0.9934640522875817,0.5614815606091778
hard,svm + random_forest + ridge_classifier + extra_trees + gradient_boosting + sgd_classifier,6,0.676595744680851,0.8581560283687942,0.8042553191489362,0.774468085106383,0.9957446808510638,0.5892857142857143,0.1016949152542373,0.9934640522875817,0.5614815606091778
hard,knn + svm + naive_bayes + decision_tree + extra_trees + gradient_boosting + sgd_classifier,7,0.676595744680851,0.8581560283687942,0.8170212765957446,0.7617021276595745,0.9957446808510638,0.6055045871559633,0.125,0.9934640522875817,0.5746562131478483
hard,knn + svm + random_forest + decision_tree + extra_trees + gradient_boosting + sgd_classifier,7,0.676595744680851,0.8581560283687942,0.8127659574468085,0.7659574468085106,0.9957446808510638,0.6,0.06779661016949153,0.9934640522875817,0.5537535541523577
hard,knn + svm + random_forest + naive_bayes + extra_trees + gradient_boosting + sgd_classifier,7,0.676595744680851,0.8581560283687942,0.8127659574468085,0.7659574468085106,0.9957446808510638,0.5925925925925926,0.12698412698412698,0.9934640522875817,0.5710135906214338
hard,knn + svm + random_forest + naive_bayes + logistic_regression + gradient_boosting + sgd_classifier,7,0.676595744680851,0.8581560283687942,0.8085106382978723,0.7659574468085106,1.0,0.6086956521739131,0.1791044776119403,1.0,0.5959333765952844
hard,knn + svm + random_forest + naive_bayes + ridge_classifier + gradient_boosting + sgd_classifier,7,0.676595744680851,0.8581560283687942,0.8085106382978723,0.7659574468085106,1.0,0.6086956521739131,0.1791044776119403,1.0,0.5959333765952844
hard,knn + svm + naive_bayes + logistic_regression + decision_tree + extra_trees + gradient_boosting + sgd_classifier,8,0.676595744680851,0.8581560283687942,0.8170212765957446,0.7617021276595745,0.9957446808510638,0.6055045871559633,0.125,0.9934640522875817,0.5746562131478483
hard,knn + svm + random_forest + logistic_regression + decision_tree + extra_trees + gradient_boosting + sgd_classifier,8,0.676595744680851,0.8581560283687942,0.8127659574468085,0.7659574468085106,0.9957446808510638,0.6,0.06779661016949153,0.9934640522875817,0.5537535541523577
hard,knn + svm + random_forest + naive_bayes + logistic_regression + extra_trees + gradient_boosting + sgd_classifier,8,0.676595744680851,0.8581560283687942,0.8127659574468085,0.7659574468085106,0.9957446808510638,0.5925925925925926,0.12698412698412698,0.9934640522875817,0.5710135906214338
hard,knn + svm + random_forest + naive_bayes + logistic_regression + ridge_classifier + gradient_boosting + sgd_classifier,8,0.676595744680851,0.8581560283687942,0.8085106382978723,0.7659574468085106,1.0,0.6086956521739131,0.1791044776119403,1.0,0.5959333765952844
hard,knn + svm + random_forest + ridge_classifier + decision_tree + extra_trees + gradient_boosting + sgd_classifier,8,0.676595744680851,0.8581560283687942,0.8127659574468085,0.7659574468085106,0.9957446808510638,0.6,0.06779661016949153,0.9934640522875817,0.5537535541523577
hard,svm + random_forest + extra_trees + gradient_boosting + sgd_classifier,5,0.676595744680851,0.8567375886524823,0.8,0.774468085106383,0.9957446808510638,0.584070796460177,0.1016949152542373,0.9934640522875817,0.559743254667332
hard,knn + svm + random_forest + logistic_regression + decision_tree + gradient_boosting + sgd_classifier,7,0.676595744680851,0.8567375886524823,0.8042553191489362,0.7659574468085106,1.0,0.6101694915254238,0.09836065573770492,1.0,0.5695100490877095
hard,knn + svm + random_forest + ridge_classifier + decision_tree + gradient_boosting + sgd_classifier,7,0.676595744680851,0.8567375886524823,0.8042553191489362,0.7659574468085106,1.0,0.6101694915254238,0.09836065573770492,1.0,0.5695100490877095
hard,knn + svm + random_forest + logistic_regression + ridge_classifier + decision_tree + gradient_boosting + sgd_classifier,8,0.676595744680851,0.8567375886524823,0.8042553191489362,0.7659574468085106,1.0,0.6101694915254238,0.09836065573770492,1.0,0.5695100490877095
hard,random_forest + logistic_regression + ridge_classifier + decision_tree + extra_trees + gradient_boosting,6,0.676595744680851,0.8567375886524822,0.8170212765957446,0.7531914893617021,1.0,0.5981308411214953,0.17142857142857143,1.0,0.5898531375166889
hard,knn + svm + random_forest + naive_bayes + logistic_regression + decision_tree + gradient_boosting,7,0.676595744680851,0.8567375886524822,0.8127659574468085,0.7574468085106383,1.0,0.6140350877192983,0.09523809523809523,1.0,0.5697577276524645
hard,knn + svm + random_forest + naive_bayes + ridge_classifier + decision_tree + gradient_boosting,7,0.676595744680851,0.8567375886524822,0.8127659574468085,0.7574468085106383,1.0,0.6140350877192983,0.09523809523809523,1.0,0.5697577276524645
hard,knn + svm + random_forest + naive_bayes + ridge_classifier + extra_trees + gradient_boosting,7,0.676595744680851,0.8567375886524822,0.8127659574468085,0.7659574468085106,0.9914893617021276,0.6071428571428571,0.15384615384615385,0.9868421052631579,0.5826103720840563
hard,knn + svm + random_forest + naive_bayes + logistic_regression + ridge_classifier + decision_tree + gradient_boosting,8,0.676595744680851,0.8567375886524822,0.8127659574468085,0.7574468085106383,1.0,0.6140350877192983,0.09523809523809523,1.0,0.5697577276524645
hard,knn + svm + random_forest + naive_bayes + logistic_regression + ridge_classifier + extra_trees + gradient_boosting,8,0.676595744680851,0.8567375886524822,0.8127659574468085,0.7659574468085106,0.9914893617021276,0.6071428571428571,0.15384615384615385,0.9868421052631579,0.5826103720840563
hard,knn + svm + random_forest + naive_bayes + logistic_regression + decision_tree + extra_trees + gradient_boosting + sgd_classifier,9,0.676595744680851,0.8567375886524822,0.8085106382978723,0.7617021276595745,1.0,0.6017699115044248,0.17647058823529413,1.0,0.592746833246573
hard,knn + svm + random_forest + naive_bayes + ridge_classifier + decision_tree + extra_trees + gradient_boosting + sgd_classifier,9,0.676595744680851,0.8567375886524822,0.8085106382978723,0.7617021276595745,1.0,0.6017699115044248,0.17647058823529413,1.0,0.592746833246573
hard,knn + svm + random_forest + naive_bayes + logistic_regression + ridge_classifier + decision_tree + extra_trees + gradient_boosting + sgd_classifier,10,0.676595744680851,0.8567375886524822,0.8085106382978723,0.7617021276595745,1.0,0.6017699115044248,0.17647058823529413,1.0,0.592746833246573
hard,knn + random_forest + logistic_regression + extra_trees + gradient_boosting,5,0.676595744680851,0.8553191489361702,0.8,0.7659574468085106,1.0,0.584070796460177,0.15384615384615385,1.0,0.5793056501021102
hard,knn + random_forest + logistic_regression + gradient_boosting + sgd_classifier,5,0.676595744680851,0.8553191489361702,0.8042553191489362,0.7617021276595745,1.0,0.6290322580645161,0.17647058823529413,1.0,0.6018342820999368
hard,svm + logistic_regression + decision_tree + extra_trees + gradient_boosting,5,0.676595744680851,0.8553191489361702,0.8,0.7659574468085106,1.0,0.5982905982905983,0.09836065573770492,1.0,0.5655504180094344
hard,svm + ridge_classifier + decision_tree + extra_trees + gradient_boosting,5,0.676595744680851,0.8553191489361702,0.8,0.7659574468085106,1.0,0.5982905982905983,0.09836065573770492,1.0,0.5655504180094344
hard,svm + logistic_regression + ridge_classifier + decision_tree + extra_trees + gradient_boosting,6,0.676595744680851,0.8553191489361702,0.8,0.7659574468085106,1.0,0.5982905982905983,0.09836065573770492,1.0,0.5655504180094344
hard,knn + svm + naive_bayes + logistic_regression + extra_trees + gradient_boosting + sgd_classifier,7,0.676595744680851,0.8553191489361702,0.8085106382978723,0.7617021276595745,0.9957446808510638,0.6017699115044248,0.2,0.9934640522875817,0.5984113212640022
hard,knn + svm + naive_bayes + logistic_regression + ridge_classifier + decision_tree + extra_trees + gradient_boosting + sgd_classifier,9,0.676595744680851,0.8553191489361702,0.8127659574468085,0.7531914893617021,1.0,0.6271186440677966,0.21621621621621623,1.0,0.6144449534280043
hard,knn + svm + naive_bayes + ridge_classifier + decision_tree + extra_trees + gradient_boosting,7,0.676595744680851,0.8553191489361701,0.8170212765957446,0.7574468085106383,0.9914893617021276,0.6194690265486725,0.12307692307692308,0.9868421052631579,0.5764626849629179
hard,knn + svm + naive_bayes + logistic_regression + ridge_classifier + decision_tree + extra_trees + gradient_boosting,8,0.676595744680851,0.8553191489361701,0.8170212765957446,0.7574468085106383,0.9914893617021276,0.6194690265486725,0.12307692307692308,0.9868421052631579,0.5764626849629179
hard,knn + svm + logistic_regression,3,0.676595744680851,0.8539007092198582,0.8042553191489362,0.7617021276595745,0.9957446808510638,0.603448275862069,0.125,0.9934640522875817,0.5739707760498836
hard,knn + ridge_classifier + decision_tree + extra_trees + gradient_boosting,5,0.676595744680851,0.8539007092198582,0.8127659574468085,0.7574468085106383,0.9914893617021276,0.6271186440677966,0.12307692307692308,0.9868421052631579,0.5790125574692925
hard,svm + naive_bayes + logistic_regression + extra_trees + gradient_boosting,5,0.676595744680851,0.8539007092198582,0.8085106382978723,0.7531914893617021,1.0,0.6153846153846154,0.17142857142857143,1.0,0.5956043956043956
hard,knn + logistic_regression + ridge_classifier + decision_tree + extra_trees + gradient_boosting,6,0.676595744680851,0.8539007092198582,0.8127659574468085,0.7574468085106383,0.9914893617021276,0.6271186440677966,0.12307692307692308,0.9868421052631579,0.5790125574692925
hard,knn + svm + random_forest + logistic_regression + ridge_classifier + decision_tree + extra_trees + gradient_boosting + sgd_classifier,9,0.676595744680851,0.8539007092198582,0.8,0.7617021276595745,1.0,0.6050420168067226,0.17647058823529413,1.0,0.5938375350140056
hard,knn + svm + ridge_classifier + extra_trees + gradient_boosting,5,0.676595744680851,0.8524822695035462,0.8042553191489362,0.7659574468085106,0.9872340425531915,0.5964912280701754,0.09836065573770492,0.9801324503311258,0.5583281113796686
hard,knn + svm + logistic_regression + ridge_classifier + extra_trees + gradient_boosting,6,0.676595744680851,0.8524822695035462,0.8042553191489362,0.7659574468085106,0.9872340425531915,0.5964912280701754,0.09836065573770492,0.9801324503311258,0.5583281113796686
hard,knn + ridge_classifier + gradient_boosting,3,0.676595744680851,0.852482269503546,0.8085106382978723,0.7617021276595745,0.9872340425531915,0.64,0.125,0.9801324503311258,0.581710816777042
hard,knn + logistic_regression + ridge_classifier + gradient_boosting,4,0.676595744680851,0.852482269503546,0.8085106382978723,0.7617021276595745,0.9872340425531915,0.64,0.125,0.9801324503311258,0.581710816777042
hard,svm + random_forest + decision_tree + gradient_boosting,4,0.6723404255319149,0.8666666666666667,0.825531914893617,0.774468085106383,1.0,0.5393258426966292,0.0,1.0,0.5131086142322098
hard,random_forest + decision_tree + gradient_boosting + sgd_classifier,4,0.6723404255319149,0.8638297872340425,0.8170212765957446,0.774468085106383,1.0,0.5274725274725275,0.1016949152542373,1.0,0.5430558142422549
hard,svm + naive_bayes + decision_tree + gradient_boosting,4,0.6723404255319149,0.8638297872340425,0.8170212765957446,0.774468085106383,1.0,0.5904761904761905,0.0,1.0,0.5301587301587302
hard,svm + random_forest + decision_tree + sgd_classifier,4,0.6723404255319149,0.8638297872340425,0.8212765957446808,0.774468085106383,0.9957446808510638,0.5227272727272727,0.1016949152542373,0.9934640522875817,0.5392954134230306
hard,svm + random_forest + decision_tree,3,0.6723404255319149,0.8624113475177305,0.8212765957446808,0.7659574468085106,1.0,0.5434782608695652,0.09836065573770492,1.0,0.54727963886909
soft,decision_tree + extra_trees + sgd_classifier,3,0.6723404255319149,0.8624113475177305,0.8212765957446808,0.7659574468085106,1.0,0.5961538461538461,0.2857142857142857,1.0,0.6272893772893773
soft,random_forest + extra_trees + gradient_boosting,3,0.6723404255319149,0.8624113475177305,0.8127659574468085,0.774468085106383,1.0,0.5217391304347826,0.18461538461538463,1.0,0.5687848383500557
hard,svm + gradient_boosting,2,0.6723404255319149,0.8624113475177304,0.8170212765957446,0.774468085106383,0.9957446808510638,0.5904761904761905,0.0,0.9934640522875817,0.5279800809212575
hard,svm + logistic_regression,2,0.6723404255319149,0.8609929078014185,0.8127659574468085,0.774468085106383,0.9957446808510638,0.5849056603773585,0.0,0.9934640522875817,0.5261232375549801
hard,random_forest + extra_trees + gradient_boosting,3,0.6723404255319149,0.8609929078014185,0.8127659574468085,0.7702127659574468,1.0,0.56,0.12903225806451613,1.0,0.563010752688172
hard,svm + decision_tree + extra_trees,3,0.6723404255319149,0.8609929078014185,0.8212765957446808,0.7659574468085106,0.9957446808510638,0.5714285714285714,0.09836065573770492,0.9934640522875817,0.5544177598179526
hard,svm + random_forest + naive_bayes + gradient_boosting + sgd_classifier,5,0.6723404255319149,0.8609929078014185,0.8170212765957446,0.7659574468085106,1.0,0.6126126126126126,0.09836065573770492,1.0,0.5703244227834392
hard,svm + random_forest + naive_bayes + logistic_regression + decision_tree + extra_trees,6,0.6723404255319149,0.8609929078014185,0.825531914893617,0.7574468085106383,1.0,0.5773195876288659,0.17391304347826086,1.0,0.5837442103690423
hard,svm + random_forest + naive_bayes + logistic_regression + gradient_boosting + sgd_classifier,6,0.6723404255319149,0.8609929078014185,0.8170212765957446,0.7659574468085106,1.0,0.6126126126126126,0.09836065573770492,1.0,0.5703244227834392
hard,svm + random_forest + naive_bayes + ridge_classifier + gradient_boosting + sgd_classifier,6,0.6723404255319149,0.8609929078014185,0.8170212765957446,0.7659574468085106,1.0,0.6126126126126126,0.09836065573770492,1.0,0.5703244227834392
soft,svm + random_forest + naive_bayes + extra_trees + gradient_boosting + sgd_classifier,6,0.6723404255319149,0.8609929078014185,0.8170212765957446,0.7659574468085106,1.0,0.6055045871559633,0.2028985507246377,1.0,0.6028010459602003
hard,knn + decision_tree + gradient_boosting + sgd_classifier,4,0.6723404255319149,0.8595744680851064,0.8085106382978723,0.774468085106383,0.9957446808510638,0.5631067961165048,0.07017543859649122,0.9934640522875817,0.5422487623335259
hard,knn + svm + decision_tree + gradient_boosting,4,0.6723404255319149,0.8595744680851064,0.8085106382978723,0.774468085106383,0.9957446808510638,0.5631067961165048,0.0,0.9934640522875817,0.5188569494680288
hard,ridge_classifier + decision_tree + extra_trees + gradient_boosting,4,0.6723404255319149,0.8595744680851064,0.8212765957446808,0.7659574468085106,0.9914893617021276,0.5882352941176471,0.09836065573770492,0.9868421052631579,0.5578126850395032
hard,svm + extra_trees + gradient_boosting + sgd_classifier,4,0.6723404255319149,0.8595744680851064,0.8085106382978723,0.774468085106383,0.9957446808510638,0.5714285714285714,0.0,0.9934640522875817,0.521630874572051
hard,svm + naive_bayes + ridge_classifier + gradient_boosting,4,0.6723404255319149,0.8595744680851064,0.8170212765957446,0.774468085106383,0.9872340425531915,0.6126126126126126,0.0,0.9801324503311258,0.5309150209812462
hard,knn + naive_bayes + decision_tree + gradient_boosting + sgd_classifier,5,0.6723404255319149,0.8595744680851064,0.8212765957446808,0.7574468085106383,1.0,0.625,0.17391304347826086,1.0,0.5996376811594203
hard,svm + logistic_regression + extra_trees + gradient_boosting + sgd_classifier,5,0.6723404255319149,0.8595744680851064,0.8170212765957446,0.7659574468085106,0.9957446808510638,0.6386554621848739,0.22535211267605634,0.9934640522875817,0.619157209049504
hard,svm + random_forest + decision_tree + gradient_boosting + sgd_classifier,5,0.6723404255319149,0.8595744680851064,0.8042553191489362,0.774468085106383,1.0,0.5892857142857143,0.1016949152542373,1.0,0.5636602098466506
hard,svm + ridge_classifier + extra_trees + gradient_boosting + sgd_classifier,5,0.6723404255319149,0.8595744680851064,0.8170212765957446,0.7659574468085106,0.9957446808510638,0.6386554621848739,0.22535211267605634,0.9934640522875817,0.619157209049504
hard,knn + naive_bayes + logistic_regression + decision_tree + gradient_boosting + sgd_classifier,6,0.6723404255319149,0.8595744680851064,0.8212765957446808,0.7574468085106383,1.0,0.625,0.17391304347826086,1.0,0.5996376811594203
hard,knn + svm + decision_tree + extra_trees + gradient_boosting + sgd_classifier,6,0.6723404255319149,0.8595744680851064,0.8085106382978723,0.774468085106383,0.9957446808510638,0.5714285714285714,0.07017543859649122,0.9934640522875817,0.5450226874375481
hard,random_forest + naive_bayes + logistic_regression + decision_tree + extra_trees + gradient_boosting,6,0.6723404255319149,0.8595744680851064,0.8212765957446808,0.7574468085106383,1.0,0.5714285714285714,0.17391304347826086,1.0,0.5817805383022775
hard,svm + logistic_regression + ridge_classifier + extra_trees + gradient_boosting + sgd_classifier,6,0.6723404255319149,0.8595744680851064,0.8170212765957446,0.7659574468085106,0.9957446808510638,0.6386554621848739,0.22535211267605634,0.9934640522875817,0.619157209049504
hard,svm + random_forest + logistic_regression + decision_tree + gradient_boosting + sgd_classifier,6,0.6723404255319149,0.8595744680851064,0.8042553191489362,0.774468085106383,1.0,0.5892857142857143,0.1016949152542373,1.0,0.5636602098466506
hard,svm + random_forest + ridge_classifier + decision_tree + gradient_boosting + sgd_classifier,6,0.6723404255319149,0.8595744680851064,0.8042553191489362,0.774468085106383,1.0,0.5892857142857143,0.1016949152542373,1.0,0.5636602098466506
soft,knn + svm + random_forest + naive_bayes + extra_trees + gradient_boosting + sgd_classifier,7,0.6723404255319149,0.8595744680851064,0.8127659574468085,0.7659574468085106,1.0,0.5925925925925926,0.2028985507246377,1.0,0.5984970477724101
soft,svm + extra_trees + gradient_boosting + sgd_classifier,4,0.6723404255319149,0.8581560283687942,0.8127659574468085,0.7617021276595745,1.0,0.5925925925925926,0.0967741935483871,1.0,0.5631222620469932
hard,knn + svm + naive_bayes + logistic_regression + decision_tree,5,0.6723404255319149,0.8581560283687942,0.8212765957446808,0.7531914893617021,1.0,0.631578947368421,0.19444444444444445,1.0,0.6086744639376218
hard,random_forest + decision_tree + extra_trees + gradient_boosting + sgd_classifier,5,0.6723404255319149,0.8581560283687942,0.8085106382978723,0.7659574468085106,1.0,0.5631067961165048,0.15384615384615385,1.0,0.572317649987553
hard,svm + random_forest + logistic_regression + decision_tree + extra_trees,5,0.6723404255319149,0.8581560283687942,0.8212765957446808,0.7531914893617021,1.0,0.5961538461538461,0.17142857142857143,1.0,0.5891941391941392
hard,svm + random_forest + ridge_classifier + decision_tree + extra_trees,5,0.6723404255319149,0.8581560283687942,0.8212765957446808,0.7531914893617021,1.0,0.5961538461538461,0.17142857142857143,1.0,0.5891941391941392
soft,knn + svm + random_forest + extra_trees + gradient_boosting + sgd_classifier,6,0.6723404255319149,0.8581560283687942,0.8085106382978723,0.7659574468085106,1.0,0.5871559633027523,0.12698412698412698,1.0,0.5713800300956264
hard,svm + random_forest + logistic_regression + decision_tree + extra_trees + gradient_boosting + sgd_classifier,7,0.6723404255319149,0.8581560283687942,0.8085106382978723,0.7659574468085106,1.0,0.6086956521739131,0.15384615384615385,1.0,0.5875139353400223
hard,svm + random_forest + ridge_classifier + decision_tree + extra_trees + gradient_boosting + sgd_classifier,7,0.6723404255319149,0.8581560283687942,0.8085106382978723,0.7659574468085106,1.0,0.6086956521739131,0.15384615384615385,1.0,0.5875139353400223
hard,svm + random_forest + logistic_regression + ridge_classifier + decision_tree + extra_trees + gradient_boosting + sgd_classifier,8,0.6723404255319149,0.8581560283687942,0.8085106382978723,0.7659574468085106,1.0,0.6086956521739131,0.15384615384615385,1.0,0.5875139353400223
hard,knn + random_forest + gradient_boosting,3,0.6723404255319149,0.8567375886524823,0.8,0.7702127659574468,1.0,0.5688073394495413,0.06896551724137931,1.0,0.5459242855636403
hard,knn + svm + decision_tree,3,0.6723404255319149,0.8567375886524823,0.8,0.774468085106383,0.9957446808510638,0.5523809523809524,0.07017543859649122,0.9934640522875817,0.5386734810883418
hard,svm + extra_trees + gradient_boosting,3,0.6723404255319149,0.8567375886524823,0.8,0.774468085106383,0.9957446808510638,0.5765765765765766,0.0,0.9934640522875817,0.5233468762880528
hard,knn + random_forest + logistic_regression + gradient_boosting,4,0.6723404255319149,0.8567375886524823,0.8,0.7702127659574468,1.0,0.5688073394495413,0.06896551724137931,1.0,0.5459242855636403
hard,knn + svm + logistic_regression + decision_tree,4,0.6723404255319149,0.8567375886524823,0.8,0.774468085106383,0.9957446808510638,0.5523809523809524,0.07017543859649122,0.9934640522875817,0.5386734810883418
hard,random_forest + logistic_regression + gradient_boosting + sgd_classifier,4,0.6723404255319149,0.8567375886524823,0.8,0.7702127659574468,1.0,0.6115702479338843,0.12903225806451613,1.0,0.5802008353328002
hard,svm + logistic_regression + extra_trees + gradient_boosting,4,0.6723404255319149,0.8567375886524823,0.8,0.774468085106383,0.9957446808510638,0.5765765765765766,0.0,0.9934640522875817,0.5233468762880528
hard,svm + random_forest + ridge_classifier + gradient_boosting + sgd_classifier,5,0.6723404255319149,0.8567375886524823,0.8,0.7702127659574468,1.0,0.6178861788617886,0.12903225806451613,1.0,0.5823061456421016
soft,knn + random_forest + extra_trees + gradient_boosting + sgd_classifier,5,0.6723404255319149,0.8567375886524823,0.8,0.7702127659574468,1.0,0.584070796460177,0.25,1.0,0.6113569321533924
soft,knn + svm + random_forest + extra_trees + sgd_classifier,5,0.6723404255319149,0.8567375886524823,0.8042553191489362,0.7659574468085106,1.0,0.5818181818181818,0.1791044776119403,1.0,0.5869742198100406
soft,svm + random_forest + logistic_regression + extra_trees + gradient_boosting,5,0.6723404255319149,0.8567375886524823,0.8042553191489362,0.7659574468085106,1.0,0.5964912280701754,0.22535211267605634,1.0,0.6072811135820773
hard,knn + svm + random_forest + naive_bayes + ridge_classifier + gradient_boosting,6,0.6723404255319149,0.8567375886524823,0.8170212765957446,0.7659574468085106,0.9872340425531915,0.6055045871559633,0.03508771929824561,0.9801324503311258,0.5402415855951116
hard,knn + svm + ridge_classifier + decision_tree + extra_trees + gradient_boosting,6,0.6723404255319149,0.8567375886524823,0.8085106382978723,0.774468085106383,0.9872340425531915,0.5871559633027523,0.07017543859649122,0.9801324503311258,0.5458212840767898
hard,svm + random_forest + logistic_regression + ridge_classifier + gradient_boosting + sgd_classifier,6,0.6723404255319149,0.8567375886524823,0.8,0.7702127659574468,1.0,0.6178861788617886,0.12903225806451613,1.0,0.5823061456421016
hard,svm + naive_bayes + decision_tree + gradient_boosting + sgd_classifier,5,0.6723404255319149,0.8567375886524822,0.8170212765957446,0.7531914893617021,1.0,0.6194690265486725,0.09375,1.0,0.5710730088495576
hard,svm + naive_bayes + logistic_regression + decision_tree + gradient_boosting + sgd_classifier,6,0.6723404255319149,0.8567375886524822,0.8170212765957446,0.7531914893617021,1.0,0.6194690265486725,0.09375,1.0,0.5710730088495576
hard,svm + naive_bayes + ridge_classifier + decision_tree + gradient_boosting + sgd_classifier,6,0.6723404255319149,0.8567375886524822,0.8170212765957446,0.7531914893617021,1.0,0.6194690265486725,0.09375,1.0,0.5710730088495576
hard,random_forest + gradient_boosting + sgd_classifier,3,0.6723404255319149,0.8553191489361702,0.7957446808510639,0.7702127659574468,1.0,0.6065573770491803,0.12903225806451613,1.0,0.5785298783712322
hard,knn + ridge_classifier + gradient_boosting + sgd_classifier,4,0.6723404255319149,0.8553191489361702,0.8127659574468085,0.7702127659574468,0.9829787234042553,0.6271186440677966,0.12903225806451613,0.9733333333333334,0.5764947451552154
hard,svm + naive_bayes + extra_trees + gradient_boosting + sgd_classifier,5,0.6723404255319149,0.8553191489361702,0.8127659574468085,0.7574468085106383,0.9957446808510638,0.6,0.14925373134328357,0.9934640522875817,0.5809059278769552
hard,knn + svm + ridge_classifier + extra_trees + gradient_boosting + sgd_classifier,6,0.6723404255319149,0.8553191489361702,0.8085106382978723,0.7702127659574468,0.9872340425531915,0.5871559633027523,0.1,0.9801324503311258,0.555762804544626
hard,svm + naive_bayes + logistic_regression + extra_trees + gradient_boosting + sgd_classifier,6,0.6723404255319149,0.8553191489361702,0.8127659574468085,0.7574468085106383,0.9957446808510638,0.6,0.14925373134328357,0.9934640522875817,0.5809059278769552
soft,knn + svm + naive_bayes + extra_trees + gradient_boosting + sgd_classifier,6,0.6723404255319149,0.8553191489361702,0.8127659574468085,0.7574468085106383,0.9957446808510638,0.6,0.14925373134328357,0.9934640522875817,0.5809059278769552
hard,knn + svm + naive_bayes + logistic_regression + ridge_classifier + decision_tree + gradient_boosting,7,0.6723404255319149,0.8553191489361702,0.8127659574468085,0.7531914893617021,1.0,0.6333333333333333,0.19444444444444445,1.0,0.6092592592592593
hard,svm + naive_bayes + logistic_regression + decision_tree + extra_trees + gradient_boosting + sgd_classifier,7,0.6723404255319149,0.8553191489361702,0.8127659574468085,0.7531914893617021,1.0,0.6206896551724138,0.19444444444444445,1.0,0.6050446998722862
hard,svm + naive_bayes + ridge_classifier + decision_tree + extra_trees + gradient_boosting + sgd_classifier,7,0.6723404255319149,0.8553191489361702,0.8127659574468085,0.7531914893617021,1.0,0.6206896551724138,0.19444444444444445,1.0,0.6050446998722862
hard,svm + naive_bayes + logistic_regression + ridge_classifier + decision_tree + extra_trees + gradient_boosting + sgd_classifier,8,0.6723404255319149,0.8553191489361702,0.8127659574468085,0.7531914893617021,1.0,0.6206896551724138,0.19444444444444445,1.0,0.6050446998722862
hard,knn + svm + ridge_classifier + sgd_classifier,4,0.6723404255319149,0.8539007092198582,0.8085106382978723,0.7702127659574468,0.9829787234042553,0.5945945945945946,0.12903225806451613,0.9733333333333334,0.5656533953308147
hard,knn + random_forest + ridge_classifier + gradient_boosting + sgd_classifier,5,0.6723404255319149,0.8539007092198582,0.8,0.7617021276595745,1.0,0.6178861788617886,0.17647058823529413,1.0,0.5981189223656943
hard,knn + svm + random_forest + logistic_regression + sgd_classifier,5,0.6723404255319149,0.8539007092198582,0.8042553191489362,0.7617021276595745,0.9957446808510638,0.6101694915254238,0.17647058823529413,0.9934640522875817,0.5933680440160999
hard,knn + random_forest + logistic_regression + ridge_classifier + gradient_boosting + sgd_classifier,6,0.6723404255319149,0.8539007092198582,0.8,0.7617021276595745,1.0,0.6178861788617886,0.17647058823529413,1.0,0.5981189223656943
hard,knn + ridge_classifier + decision_tree + extra_trees + gradient_boosting + sgd_classifier,6,0.6723404255319149,0.8539007092198582,0.8127659574468085,0.7617021276595745,0.9872340425531915,0.6071428571428571,0.125,0.9801324503311258,0.570758435824661
hard,knn + random_forest + logistic_regression + decision_tree + extra_trees + gradient_boosting + sgd_classifier,7,0.6723404255319149,0.8539007092198582,0.8,0.7617021276595745,1.0,0.5982905982905983,0.17647058823529413,1.0,0.5915870621752974
hard,knn + random_forest + ridge_classifier + decision_tree + extra_trees + gradient_boosting + sgd_classifier,7,0.6723404255319149,0.8539007092198582,0.8,0.7617021276595745,1.0,0.5982905982905983,0.17647058823529413,1.0,0.5915870621752974
hard,knn + svm + random_forest + logistic_regression + ridge_classifier + gradient_boosting + sgd_classifier,7,0.6723404255319149,0.8539007092198582,0.8,0.7617021276595745,1.0,0.624,0.17647058823529413,1.0,0.600156862745098
hard,knn + random_forest + logistic_regression + ridge_classifier + decision_tree + extra_trees + gradient_boosting + sgd_classifier,8,0.6723404255319149,0.8539007092198582,0.8,0.7617021276595745,1.0,0.5982905982905983,0.17647058823529413,1.0,0.5915870621752974
hard,knn + svm + naive_bayes + logistic_regression + ridge_classifier + extra_trees + gradient_boosting,7,0.6723404255319149,0.8524822695035462,0.8042553191489362,0.7617021276595745,0.9914893617021276,0.6166666666666667,0.2222222222222222,0.9868421052631579,0.6085769980506822
hard,knn + svm + logistic_regression + decision_tree + extra_trees,5,0.6723404255319149,0.852482269503546,0.8042553191489362,0.7574468085106383,0.9957446808510638,0.5892857142857143,0.12307692307692308,0.9934640522875817,0.5686088965500731
soft,svm + random_forest,2,0.6680851063829787,0.8666666666666667,0.825531914893617,0.774468085106383,1.0,0.5591397849462365,0.0,1.0,0.5197132616487455
soft,svm + gradient_boosting,2,0.6680851063829787,0.8638297872340425,0.8170212765957446,0.774468085106383,1.0,0.5742574257425742,0.0,1.0,0.5247524752475248
hard,svm + random_forest + extra_trees,3,0.6680851063829787,0.8624113475177304,0.8212765957446808,0.7702127659574468,0.9957446808510638,0.5625,0.12903225806451613,0.9934640522875817,0.5616654367840326
hard,random_forest + logistic_regression + extra_trees + gradient_boosting,4,0.6680851063829787,0.8609929078014185,0.8127659574468085,0.7702127659574468,1.0,0.5510204081632653,0.12903225806451613,1.0,0.5600175554092605
hard,svm + random_forest + logistic_regression + decision_tree,4,0.6680851063829787,0.8609929078014185,0.8170212765957446,0.7659574468085106,1.0,0.5274725274725275,0.09836065573770492,1.0,0.5419443944034108
hard,svm + random_forest + ridge_classifier + decision_tree,4,0.6680851063829787,0.8609929078014185,0.8170212765957446,0.7659574468085106,1.0,0.5274725274725275,0.09836065573770492,1.0,0.5419443944034108
soft,svm + extra_trees + sgd_classifier,3,0.6680851063829787,0.8595744680851064,0.8127659574468085,0.7702127659574468,0.9957446808510638,0.5925925925925926,0.22857142857142856,0.9934640522875817,0.6048760244838677
hard,decision_tree + extra_trees + gradient_boosting + sgd_classifier,4,0.6680851063829787,0.8595744680851064,0.8170212765957446,0.7659574468085106,0.9957446808510638,0.5473684210526316,0.09836065573770492,0.9934640522875817,0.5463977096926395
hard,logistic_regression + extra_trees + gradient_boosting + sgd_classifier,4,0.6680851063829787,0.8595744680851064,0.8170212765957446,0.7659574468085106,0.9957446808510638,0.6260869565217392,0.22535211267605634,0.9934640522875817,0.6149677071617924
hard,svm + logistic_regression + decision_tree + extra_trees,4,0.6680851063829787,0.8595744680851064,0.8170212765957446,0.7659574468085106,0.9957446808510638,0.5567010309278351,0.09836065573770492,0.9934640522875817,0.5495085796510405
soft,random_forest + logistic_regression + decision_tree + extra_trees,4,0.6680851063829787,0.8595744680851064,0.8170212765957446,0.7617021276595745,1.0,0.5825242718446602,0.3170731707317073,1.0,0.6331991475254558
hard,svm + random_forest + naive_bayes + extra_trees + gradient_boosting,5,0.6680851063829787,0.8595744680851064,0.8127659574468085,0.7659574468085106,1.0,0.5849056603773585,0.09836065573770492,1.0,0.5610887720383545
hard,knn + svm + random_forest + naive_bayes + decision_tree + gradient_boosting,6,0.6680851063829787,0.8595744680851064,0.8042553191489362,0.774468085106383,1.0,0.5490196078431373,0.03636363636363636,1.0,0.5284610814022579
hard,svm + random_forest + decision_tree + extra_trees + gradient_boosting + sgd_classifier,6,0.6680851063829787,0.8595744680851064,0.8085106382978723,0.774468085106383,0.9957446808510638,0.5360824742268041,0.07017543859649122,0.9934640522875817,0.533240655036959
hard,svm + random_forest + naive_bayes + logistic_regression + extra_trees + gradient_boosting,6,0.6680851063829787,0.8595744680851064,0.8127659574468085,0.7659574468085106,1.0,0.5849056603773585,0.09836065573770492,1.0,0.5610887720383545
hard,extra_trees + gradient_boosting + sgd_classifier,3,0.6680851063829787,0.8581560283687942,0.8127659574468085,0.7659574468085106,0.9957446808510638,0.6206896551724138,0.22535211267605634,0.9934640522875817,0.6131686067120173
hard,logistic_regression + extra_trees + gradient_boosting,3,0.6680851063829787,0.8581560283687942,0.8170212765957446,0.7574468085106383,1.0,0.656,0.24,1.0,0.632
hard,svm + logistic_regression + extra_trees + sgd_classifier,4,0.6680851063829787,0.8581560283687942,0.8127659574468085,0.7659574468085106,0.9957446808510638,0.5849056603773585,0.22535211267605634,0.9934640522875817,0.6012406084469989
hard,knn + random_forest + naive_bayes + gradient_boosting + sgd_classifier,5,0.6680851063829787,0.8581560283687942,0.8085106382978723,0.7659574468085106,1.0,0.5945945945945946,0.1791044776119403,1.0,0.5912330240688449
hard,knn + svm + random_forest + naive_bayes + logistic_regression,5,0.6680851063829787,0.8581560283687942,0.8127659574468085,0.7617021276595745,1.0,0.6140350877192983,0.2,1.0,0.6046783625730995
hard,knn + svm + random_forest + naive_bayes + sgd_classifier,5,0.6680851063829787,0.8581560283687942,0.8127659574468085,0.7659574468085106,0.9957446808510638,0.6,0.1791044776119403,0.9934640522875817,0.590856176633174
hard,svm + logistic_regression + ridge_classifier + extra_trees + gradient_boosting,5,0.6680851063829787,0.8581560283687942,0.8170212765957446,0.7574468085106383,1.0,0.656,0.24,1.0,0.632
hard,svm + random_forest + naive_bayes + decision_tree + gradient_boosting,5,0.6680851063829787,0.8581560283687942,0.8085106382978723,0.7659574468085106,1.0,0.5794392523364486,0.06779661016949153,1.0,0.5490786208353134
soft,svm + random_forest + extra_trees + gradient_boosting + sgd_classifier,5,0.6680851063829787,0.8581560283687942,0.8085106382978723,0.7659574468085106,1.0,0.5794392523364486,0.12698412698412698,1.0,0.5688077931068585
hard,knn + random_forest + naive_bayes + logistic_regression + gradient_boosting + sgd_classifier,6,0.6680851063829787,0.8581560283687942,0.8085106382978723,0.7659574468085106,1.0,0.5945945945945946,0.1791044776119403,1.0,0.5912330240688449
hard,knn + svm + random_forest + naive_bayes + logistic_regression + sgd_classifier,6,0.6680851063829787,0.8581560283687942,0.8127659574468085,0.7659574468085106,0.9957446808510638,0.6,0.1791044776119403,0.9934640522875817,0.590856176633174
hard,random_forest + logistic_regression + decision_tree + extra_trees + gradient_boosting + sgd_classifier,6,0.6680851063829787,0.8581560283687942,0.8085106382978723,0.7659574468085106,1.0,0.5544554455445545,0.15384615384615385,1.0,0.5694338664635694
hard,random_forest + ridge_classifier + decision_tree + extra_trees + gradient_boosting + sgd_classifier,6,0.6680851063829787,0.8581560283687942,0.8085106382978723,0.7659574468085106,1.0,0.5544554455445545,0.15384615384615385,1.0,0.5694338664635694
hard,svm + random_forest + naive_bayes + logistic_regression + decision_tree + gradient_boosting,6,0.6680851063829787,0.8581560283687942,0.8085106382978723,0.7659574468085106,1.0,0.5794392523364486,0.06779661016949153,1.0,0.5490786208353134
hard,svm + random_forest + naive_bayes + ridge_classifier + decision_tree + gradient_boosting,6,0.6680851063829787,0.8581560283687942,0.8085106382978723,0.7659574468085106,1.0,0.5794392523364486,0.06779661016949153,1.0,0.5490786208353134
soft,knn + extra_trees + gradient_boosting + sgd_classifier,4,0.6680851063829787,0.8567375886524823,0.8042553191489362,0.7659574468085106,1.0,0.603448275862069,0.22535211267605634,1.0,0.6096001295127085
hard,svm + random_forest + logistic_regression + decision_tree + gradient_boosting,5,0.6680851063829787,0.8567375886524823,0.8042553191489362,0.7659574468085106,1.0,0.603448275862069,0.09836065573770492,1.0,0.5672696438665913
hard,svm + random_forest + ridge_classifier + decision_tree + gradient_boosting,5,0.6680851063829787,0.8567375886524823,0.8042553191489362,0.7659574468085106,1.0,0.603448275862069,0.09836065573770492,1.0,0.5672696438665913
hard,svm + random_forest + logistic_regression + ridge_classifier + decision_tree + gradient_boosting,6,0.6680851063829787,0.8567375886524823,0.8042553191489362,0.7659574468085106,1.0,0.603448275862069,0.09836065573770492,1.0,0.5672696438665913
soft,knn + svm + random_forest + naive_bayes + logistic_regression + extra_trees + gradient_boosting,7,0.6680851063829787,0.8567375886524823,0.8,0.7702127659574468,1.0,0.584070796460177,0.25,1.0,0.6113569321533924
hard,svm + extra_trees + sgd_classifier,3,0.6680851063829787,0.8567375886524822,0.8085106382978723,0.7659574468085106,0.9957446808510638,0.5794392523364486,0.22535211267605634,0.9934640522875817,0.5994184724333622
soft,svm + gradient_boosting + sgd_classifier,3,0.6680851063829787,0.8567375886524822,0.8127659574468085,0.7574468085106383,1.0,0.6071428571428571,0.06557377049180328,1.0,0.5575722092115535
hard,knn + svm + naive_bayes + decision_tree + sgd_classifier,5,0.6680851063829787,0.8567375886524822,0.8170212765957446,0.7574468085106383,0.9957446808510638,0.6126126126126126,0.17391304347826086,0.9934640522875817,0.5933299027928184
hard,svm + random_forest + decision_tree + extra_trees + sgd_classifier,5,0.6680851063829787,0.8567375886524822,0.8085106382978723,0.7659574468085106,0.9957446808510638,0.5544554455445545,0.15384615384615385,0.9934640522875817,0.5672552172260966
soft,knn + svm + decision_tree + gradient_boosting + sgd_classifier,5,0.6680851063829787,0.8567375886524822,0.8085106382978723,0.7617021276595745,1.0,0.5945945945945946,0.125,1.0,0.5731981981981983
hard,knn + svm + naive_bayes + logistic_regression + decision_tree + sgd_classifier,6,0.6680851063829787,0.8567375886524822,0.8170212765957446,0.7574468085106383,0.9957446808510638,0.6126126126126126,0.17391304347826086,0.9934640522875817,0.5933299027928184
hard,svm + random_forest + logistic_regression + ridge_classifier + decision_tree + extra_trees,6,0.6680851063829787,0.8567375886524822,0.8170212765957446,0.7531914893617021,1.0,0.5825242718446602,0.17142857142857143,1.0,0.5846509477577438
hard,svm + random_forest + naive_bayes + logistic_regression + decision_tree + extra_trees + gradient_boosting,7,0.6680851063829787,0.8567375886524822,0.8127659574468085,0.7574468085106383,1.0,0.6,0.17391304347826086,1.0,0.591304347826087
hard,svm + random_forest + naive_bayes + ridge_classifier + decision_tree + extra_trees + gradient_boosting,7,0.6680851063829787,0.8567375886524822,0.8127659574468085,0.7574468085106383,1.0,0.6,0.17391304347826086,1.0,0.591304347826087
hard,svm + random_forest + naive_bayes + logistic_regression + ridge_classifier + decision_tree + extra_trees + gradient_boosting,8,0.6680851063829787,0.8567375886524822,0.8127659574468085,0.7574468085106383,1.0,0.6,0.17391304347826086,1.0,0.591304347826087
hard,logistic_regression + decision_tree + extra_trees,3,0.6680851063829787,0.8553191489361702,0.8170212765957446,0.7489361702127659,1.0,0.6126126126126126,0.3218390804597701,1.0,0.6448172310241276
hard,naive_bayes + decision_tree + gradient_boosting,3,0.6680851063829787,0.8553191489361702,0.8127659574468085,0.7531914893617021,1.0,0.6071428571428571,0.12121212121212122,1.0,0.5761183261183261
hard,knn + svm + ridge_classifier + gradient_boosting,4,0.6680851063829787,0.8553191489361702,0.8085106382978723,0.774468085106383,0.9829787234042553,0.5945945945945946,0.0,0.9733333333333334,0.5226426426426426
hard,naive_bayes + logistic_regression + decision_tree + gradient_boosting,4,0.6680851063829787,0.8553191489361702,0.8127659574468085,0.7531914893617021,1.0,0.6071428571428571,0.12121212121212122,1.0,0.5761183261183261
hard,random_forest + ridge_classifier + gradient_boosting + sgd_classifier,4,0.6680851063829787,0.8553191489361702,0.7957446808510639,0.7702127659574468,1.0,0.6,0.12903225806451613,1.0,0.5763440860215053
soft,svm + random_forest + gradient_boosting + sgd_classifier,4,0.6680851063829787,0.8553191489361702,0.8127659574468085,0.7531914893617021,1.0,0.6071428571428571,0.06451612903225806,1.0,0.5572196620583717
hard,knn + random_forest + naive_bayes + logistic_regression + gradient_boosting,5,0.6680851063829787,0.8553191489361702,0.8042553191489362,0.7617021276595745,1.0,0.603448275862069,0.2,1.0,0.6011494252873563
hard,knn + svm + decision_tree + extra_trees + sgd_classifier,5,0.6680851063829787,0.8553191489361702,0.8085106382978723,0.7617021276595745,0.9957446808510638,0.5794392523364486,0.125,0.9934640522875817,0.5659677682080101
hard,knn + svm + random_forest + extra_trees + gradient_boosting,5,0.6680851063829787,0.8553191489361702,0.8,0.7702127659574468,0.9957446808510638,0.5607476635514018,0.06896551724137931,0.9934640522875817,0.5410590776934543
hard,svm + naive_bayes + decision_tree + extra_trees + gradient_boosting,5,0.6680851063829787,0.8553191489361702,0.8042553191489362,0.7617021276595745,1.0,0.5740740740740741,0.06666666666666667,1.0,0.5469135802469136
soft,knn + svm + random_forest + decision_tree + sgd_classifier,5,0.6680851063829787,0.8553191489361702,0.8085106382978723,0.7574468085106383,1.0,0.5871559633027523,0.12307692307692308,1.0,0.5700776287932251
soft,svm + random_forest + decision_tree + gradient_boosting + sgd_classifier,5,0.6680851063829787,0.8553191489361702,0.8085106382978723,0.7574468085106383,1.0,0.5714285714285714,0.12307692307692308,1.0,0.5648351648351648
hard,knn + svm + logistic_regression + decision_tree + extra_trees + sgd_classifier,6,0.6680851063829787,0.8553191489361702,0.8085106382978723,0.7617021276595745,0.9957446808510638,0.5794392523364486,0.125,0.9934640522875817,0.5659677682080101
hard,knn + svm + random_forest + logistic_regression + extra_trees + gradient_boosting,6,0.6680851063829787,0.8553191489361702,0.8,0.7702127659574468,0.9957446808510638,0.5607476635514018,0.06896551724137931,0.9934640522875817,0.5410590776934543
hard,svm + naive_bayes + logistic_regression + decision_tree + extra_trees + gradient_boosting,6,0.6680851063829787,0.8553191489361702,0.8042553191489362,0.7617021276595745,1.0,0.5740740740740741,0.06666666666666667,1.0,0.5469135802469136
soft,knn + svm + random_forest + decision_tree + gradient_boosting + sgd_classifier,6,0.6680851063829787,0.8553191489361702,0.8,0.7659574468085106,1.0,0.5688073394495413,0.12698412698412698,1.0,0.5652638221445562
hard,knn + naive_bayes + logistic_regression + decision_tree + extra_trees + gradient_boosting + sgd_classifier,7,0.6680851063829787,0.8553191489361702,0.8127659574468085,0.7531914893617021,1.0,0.6140350877192983,0.21621621621621623,1.0,0.6100837679785048
hard,knn + svm + logistic_regression + ridge_classifier + extra_trees + gradient_boosting + sgd_classifier,7,0.6680851063829787,0.8553191489361702,0.8085106382978723,0.7617021276595745,0.9957446808510638,0.6341463414634146,0.24324324324324326,0.9934640522875817,0.6236178789980799
hard,knn + svm + random_forest + naive_bayes + logistic_regression + ridge_classifier + gradient_boosting,7,0.6680851063829787,0.8553191489361702,0.8042553191489362,0.7617021276595745,1.0,0.6166666666666667,0.2,1.0,0.6055555555555555
hard,knn + svm + naive_bayes + ridge_classifier + decision_tree + extra_trees + gradient_boosting + sgd_classifier,8,0.6680851063829787,0.8553191489361702,0.8170212765957446,0.7617021276595745,0.9872340425531915,0.6055045871559633,0.125,0.9801324503311258,0.5702123458290297
hard,knn + svm + random_forest + naive_bayes + ridge_classifier + extra_trees + gradient_boosting + sgd_classifier,8,0.6680851063829787,0.8553191489361702,0.8127659574468085,0.7659574468085106,0.9872340425531915,0.5925925925925926,0.12698412698412698,0.9801324503311258,0.5665697233026151
hard,decision_tree + gradient_boosting + sgd_classifier,3,0.6680851063829787,0.8539007092198582,0.8042553191489362,0.7574468085106383,1.0,0.6166666666666667,0.12307692307692308,1.0,0.57991452991453
hard,random_forest + logistic_regression + gradient_boosting,3,0.6680851063829787,0.8539007092198582,0.8042553191489362,0.7574468085106383,1.0,0.640625,0.14925373134328357,1.0,0.5966262437810945
hard,logistic_regression + decision_tree + gradient_boosting + sgd_classifier,4,0.6680851063829787,0.8539007092198582,0.8042553191489362,0.7574468085106383,1.0,0.6166666666666667,0.12307692307692308,1.0,0.57991452991453
hard,ridge_classifier + decision_tree + gradient_boosting + sgd_classifier,4,0.6680851063829787,0.8539007092198582,0.8042553191489362,0.7574468085106383,1.0,0.6166666666666667,0.12307692307692308,1.0,0.57991452991453
hard,knn + naive_bayes + ridge_classifier + decision_tree + gradient_boosting,5,0.6680851063829787,0.8539007092198582,0.8212765957446808,0.7531914893617021,0.9872340425531915,0.6440677966101694,0.19444444444444445,0.9801324503311258,0.6062148971285799
hard,knn + random_forest + logistic_regression + decision_tree + gradient_boosting,5,0.6680851063829787,0.8539007092198582,0.8085106382978723,0.7531914893617021,1.0,0.6153846153846154,0.09375,1.0,0.5697115384615384
hard,knn + random_forest + ridge_classifier + decision_tree + gradient_boosting,5,0.6680851063829787,0.8539007092198582,0.8085106382978723,0.7531914893617021,1.0,0.6153846153846154,0.09375,1.0,0.5697115384615384
hard,svm + naive_bayes + logistic_regression + decision_tree + gradient_boosting,5,0.6680851063829787,0.8539007092198582,0.8085106382978723,0.7531914893617021,1.0,0.6153846153846154,0.12121212121212122,1.0,0.5788655788655789
hard,svm + naive_bayes + ridge_classifier + decision_tree + gradient_boosting,5,0.6680851063829787,0.8539007092198582,0.8085106382978723,0.7531914893617021,1.0,0.6153846153846154,0.12121212121212122,1.0,0.5788655788655789
soft,knn + svm + random_forest + logistic_regression + extra_trees,5,0.6680851063829787,0.8539007092198582,0.8042553191489362,0.7574468085106383,1.0,0.5964912280701754,0.2191780821917808,1.0,0.6052231034206521
hard,knn + naive_bayes + logistic_regression + ridge_classifier + decision_tree + gradient_boosting,6,0.6680851063829787,0.8539007092198582,0.8212765957446808,0.7531914893617021,0.9872340425531915,0.6440677966101694,0.19444444444444445,0.9801324503311258,0.6062148971285799
hard,knn + random_forest + logistic_regression + ridge_classifier + decision_tree + gradient_boosting,6,0.6680851063829787,0.8539007092198582,0.8085106382978723,0.7531914893617021,1.0,0.6153846153846154,0.09375,1.0,0.5697115384615384
hard,svm + naive_bayes + logistic_regression + ridge_classifier + decision_tree + gradient_boosting,6,0.6680851063829787,0.8539007092198582,0.8085106382978723,0.7531914893617021,1.0,0.6153846153846154,0.12121212121212122,1.0,0.5788655788655789
hard,svm + random_forest + naive_bayes + logistic_regression + extra_trees + gradient_boosting + sgd_classifier,7,0.6680851063829787,0.8539007092198582,0.8085106382978723,0.7531914893617021,1.0,0.6086956521739131,0.21621621621621623,1.0,0.6083039561300431
hard,svm + random_forest + naive_bayes + ridge_classifier + extra_trees + gradient_boosting + sgd_classifier,7,0.6680851063829787,0.8539007092198582,0.8085106382978723,0.7531914893617021,1.0,0.6086956521739131,0.21621621621621623,1.0,0.6083039561300431
soft,knn + svm + random_forest + logistic_regression + decision_tree + extra_trees + sgd_classifier,7,0.6680851063829787,0.8539007092198582,0.8085106382978723,0.7531914893617021,1.0,0.6086956521739131,0.17142857142857143,1.0,0.5933747412008282
hard,svm + random_forest + naive_bayes + logistic_regression + ridge_classifier + extra_trees + gradient_boosting + sgd_classifier,8,0.6680851063829787,0.8539007092198582,0.8085106382978723,0.7531914893617021,1.0,0.6086956521739131,0.21621621621621623,1.0,0.6083039561300431
hard,knn + svm + random_forest + naive_bayes + logistic_regression + ridge_classifier + extra_trees + gradient_boosting + sgd_classifier,9,0.6680851063829787,0.8539007092198582,0.8042553191489362,0.7574468085106383,1.0,0.6101694915254238,0.24,1.0,0.6167231638418079
hard,knn + random_forest + ridge_classifier + extra_trees + gradient_boosting,5,0.6680851063829787,0.8524822695035462,0.8,0.7659574468085106,0.9914893617021276,0.584070796460177,0.15384615384615385,0.9868421052631579,0.5749196851898296
hard,svm + logistic_regression + decision_tree + gradient_boosting + sgd_classifier,5,0.6680851063829787,0.8524822695035462,0.8,0.7574468085106383,1.0,0.6178861788617886,0.12307692307692308,1.0,0.5803210339795706
hard,svm + ridge_classifier + decision_tree + gradient_boosting + sgd_classifier,5,0.6680851063829787,0.8524822695035462,0.8,0.7574468085106383,1.0,0.6178861788617886,0.12307692307692308,1.0,0.5803210339795706
soft,knn + svm + extra_trees + gradient_boosting + sgd_classifier,5,0.6680851063829787,0.8524822695035462,0.7957446808510639,0.7617021276595745,1.0,0.5714285714285714,0.125,1.0,0.5654761904761905
hard,knn + random_forest + logistic_regression + ridge_classifier + extra_trees + gradient_boosting,6,0.6680851063829787,0.8524822695035462,0.8,0.7659574468085106,0.9914893617021276,0.584070796460177,0.15384615384615385,0.9868421052631579,0.5749196851898296
hard,svm + logistic_regression + ridge_classifier + decision_tree + gradient_boosting + sgd_classifier,6,0.6680851063829787,0.8524822695035462,0.8,0.7574468085106383,1.0,0.6178861788617886,0.12307692307692308,1.0,0.5803210339795706
hard,knn + random_forest + logistic_regression + ridge_classifier + decision_tree + extra_trees + gradient_boosting,7,0.6680851063829787,0.8524822695035462,0.8042553191489362,0.7531914893617021,1.0,0.6229508196721312,0.19444444444444445,1.0,0.6057984213721919
hard,knn + random_forest + naive_bayes + logistic_regression + decision_tree + extra_trees + gradient_boosting,7,0.6680851063829787,0.8524822695035462,0.8,0.7574468085106383,1.0,0.5765765765765766,0.19718309859154928,1.0,0.5912532250560419
hard,knn + svm + logistic_regression + decision_tree + sgd_classifier,5,0.6680851063829787,0.852482269503546,0.8085106382978723,0.7531914893617021,0.9957446808510638,0.6218487394957983,0.17142857142857143,0.9934640522875817,0.5955804544039839
hard,knn + svm + random_forest + logistic_regression + extra_trees,5,0.6680851063829787,0.852482269503546,0.7957446808510639,0.7659574468085106,0.9957446808510638,0.5636363636363636,0.15384615384615385,0.9934640522875817,0.5703155232566998
hard,knn + svm + random_forest + ridge_classifier + sgd_classifier,5,0.6680851063829787,0.852482269503546,0.8,0.7617021276595745,0.9957446808510638,0.5982905982905983,0.17647058823529413,0.9934640522875817,0.5894084129378246
hard,knn + svm + ridge_classifier + decision_tree + sgd_classifier,5,0.6680851063829787,0.852482269503546,0.8085106382978723,0.7531914893617021,0.9957446808510638,0.6218487394957983,0.17142857142857143,0.9934640522875817,0.5955804544039839
hard,knn + random_forest + logistic_regression + extra_trees + gradient_boosting + sgd_classifier,6,0.6680851063829787,0.852482269503546,0.7957446808510639,0.7659574468085106,0.9957446808510638,0.5636363636363636,0.12698412698412698,0.9934640522875817,0.5613615143026908
hard,knn + svm + logistic_regression + ridge_classifier + decision_tree + sgd_classifier,6,0.6680851063829787,0.852482269503546,0.8085106382978723,0.7531914893617021,0.9957446808510638,0.6218487394957983,0.17142857142857143,0.9934640522875817,0.5955804544039839
hard,knn + svm + random_forest + logistic_regression + ridge_classifier + sgd_classifier,6,0.6680851063829787,0.852482269503546,0.8,0.7617021276595745,0.9957446808510638,0.5982905982905983,0.17647058823529413,0.9934640522875817,0.5894084129378246
hard,knn + svm + naive_bayes + ridge_classifier + extra_trees + gradient_boosting + sgd_classifier,7,0.6680851063829787,0.852482269503546,0.8085106382978723,0.7617021276595745,0.9872340425531915,0.6017699115044248,0.2,0.9801324503311258,0.5939674539451835
hard,knn + svm + naive_bayes + logistic_regression + ridge_classifier + extra_trees + gradient_boosting + sgd_classifier,8,0.6680851063829787,0.852482269503546,0.8085106382978723,0.7617021276595745,0.9872340425531915,0.6017699115044248,0.2,0.9801324503311258,0.5939674539451835
soft,knn + svm + logistic_regression + gradient_boosting,4,0.6680851063829787,0.851063829787234,0.7957446808510639,0.7574468085106383,1.0,0.6,0.14925373134328357,1.0,0.5830845771144278
hard,knn + random_forest + extra_trees + gradient_boosting + sgd_classifier,5,0.6680851063829787,0.851063829787234,0.7914893617021277,0.7659574468085106,0.9957446808510638,0.5585585585585585,0.12698412698412698,0.9934640522875817,0.5596689126100891
hard,svm + naive_bayes + ridge_classifier + extra_trees + gradient_boosting,5,0.6680851063829787,0.851063829787234,0.8085106382978723,0.7531914893617021,0.9914893617021276,0.6153846153846154,0.17142857142857143,0.9868421052631579,0.5912184306921149
hard,svm + naive_bayes + logistic_regression + ridge_classifier + extra_trees + gradient_boosting,6,0.6680851063829787,0.851063829787234,0.8085106382978723,0.7531914893617021,0.9914893617021276,0.6153846153846154,0.17142857142857143,0.9868421052631579,0.5912184306921149
hard,knn + svm + random_forest + logistic_regression + ridge_classifier + decision_tree + gradient_boosting,7,0.6680851063829787,0.851063829787234,0.8,0.7531914893617021,1.0,0.6115702479338843,0.09375,1.0,0.5684400826446281
hard,knn + svm + ridge_classifier,3,0.6680851063829787,0.849645390070922,0.8042553191489362,0.7617021276595745,0.9829787234042553,0.603448275862069,0.125,0.9733333333333334,0.5672605363984674
hard,knn + svm + logistic_regression + ridge_classifier,4,0.6680851063829787,0.849645390070922,0.8042553191489362,0.7617021276595745,0.9829787234042553,0.603448275862069,0.125,0.9733333333333334,0.5672605363984674
hard,random_forest + decision_tree + extra_trees + gradient_boosting,4,0.6638297872340425,0.8652482269503546,0.8212765957446808,0.774468085106383,1.0,0.5116279069767442,0.07017543859649122,1.0,0.5272677818577451
hard,decision_tree + gradient_boosting,2,0.6638297872340425,0.8624113475177305,0.8127659574468085,0.774468085106383,1.0,0.4883720930232558,0.0,1.0,0.49612403100775193
soft,svm + random_forest + gradient_boosting,3,0.6638297872340425,0.8624113475177305,0.8127659574468085,0.774468085106383,1.0,0.5416666666666666,0.0,1.0,0.5138888888888888
hard,random_forest + naive_bayes + decision_tree + gradient_boosting,4,0.6638297872340425,0.8624113475177305,0.8212765957446808,0.7659574468085106,1.0,0.5116279069767442,0.06779661016949153,1.0,0.5264748390487453
hard,svm + random_forest + naive_bayes + decision_tree,4,0.6638297872340425,0.8624113475177305,0.8212765957446808,0.7659574468085106,1.0,0.5116279069767442,0.06779661016949153,1.0,0.5264748390487453
hard,svm + random_forest + naive_bayes + decision_tree + extra_trees + gradient_boosting,6,0.6638297872340425,0.8624113475177305,0.8170212765957446,0.7702127659574468,1.0,0.5473684210526316,0.03571428571428571,1.0,0.5276942355889724
hard,svm + random_forest + logistic_regression + extra_trees,4,0.6638297872340425,0.8624113475177304,0.8212765957446808,0.7702127659574468,0.9957446808510638,0.5531914893617021,0.12903225806451613,0.9934640522875817,0.5585625999046
hard,svm + decision_tree + extra_trees + sgd_classifier,4,0.6638297872340425,0.8609929078014185,0.8212765957446808,0.7659574468085106,0.9957446808510638,0.5333333333333333,0.09836065573770492,0.9934640522875817,0.54171934711954
hard,svm + random_forest + extra_trees + gradient_boosting,4,0.6638297872340425,0.8609929078014185,0.8127659574468085,0.774468085106383,0.9957446808510638,0.5217391304347826,0.0,0.9934640522875817,0.5050677275741214
hard,svm + random_forest + naive_bayes + gradient_boosting,4,0.6638297872340425,0.8609929078014185,0.8085106382978723,0.774468085106383,1.0,0.5631067961165048,0.0,1.0,0.5210355987055016
hard,svm + sgd_classifier,2,0.6638297872340425,0.8595744680851064,0.8085106382978723,0.774468085106383,0.9957446808510638,0.5544554455445545,0.0,0.9934640522875817,0.5159731659440454
soft,extra_trees + gradient_boosting,2,0.6638297872340425,0.8595744680851064,0.8042553191489362,0.774468085106383,1.0,0.5,0.15873015873015872,1.0,0.5529100529100529
soft,svm + extra_trees,2,0.6638297872340425,0.8595744680851064,0.8127659574468085,0.7829787234042553,0.9829787234042553,0.5319148936170213,0.07272727272727272,0.9733333333333334,0.5259918332258758
soft,knn + svm + random_forest,3,0.6638297872340425,0.8595744680851064,0.8085106382978723,0.7702127659574468,1.0,0.5454545454545454,0.0,1.0,0.5151515151515151
soft,knn + svm + random_forest + gradient_boosting,4,0.6638297872340425,0.8595744680851064,0.8042553191489362,0.774468085106383,1.0,0.54,0.0,1.0,0.5133333333333333
soft,random_forest + decision_tree + extra_trees + sgd_classifier,4,0.6638297872340425,0.8595744680851064,0.825531914893617,0.7531914893617021,1.0,0.594059405940594,0.21621621621621623,1.0,0.6034252073856035
soft,svm + random_forest + decision_tree + extra_trees,4,0.6638297872340425,0.8595744680851064,0.8085106382978723,0.7702127659574468,1.0,0.5161290322580645,0.20588235294117646,1.0,0.5740037950664136
soft,knn + svm + gradient_boosting,3,0.6638297872340425,0.8581560283687942,0.8,0.774468085106383,1.0,0.5523809523809524,0.0,1.0,0.5174603174603175
hard,knn + svm + random_forest + gradient_boosting,4,0.6638297872340425,0.8581560283687942,0.8042553191489362,0.774468085106383,0.9957446808510638,0.5490196078431373,0.0,0.9934640522875817,0.514161220043573
hard,random_forest + decision_tree + extra_trees + sgd_classifier,4,0.6638297872340425,0.8581560283687942,0.8127659574468085,0.7659574468085106,0.9957446808510638,0.5,0.15384615384615385,0.9934640522875817,0.5491034020445785
soft,random_forest + decision_tree + extra_trees + gradient_boosting + sgd_classifier,5,0.6638297872340425,0.8581560283687942,0.8212765957446808,0.7531914893617021,1.0,0.58,0.14705882352941177,1.0,0.5756862745098039
soft,svm + random_forest + decision_tree + extra_trees + sgd_classifier,5,0.6638297872340425,0.8581560283687942,0.8127659574468085,0.7617021276595745,1.0,0.5686274509803921,0.15151515151515152,1.0,0.5733808674985146
hard,knn + svm + random_forest + decision_tree + extra_trees + gradient_boosting,6,0.6638297872340425,0.8581560283687942,0.8,0.7787234042553192,0.9957446808510638,0.4946236559139785,0.07142857142857142,0.9934640522875817,0.5198387598767106
hard,knn + svm + random_forest + extra_trees + gradient_boosting + sgd_classifier,6,0.6638297872340425,0.8581560283687942,0.8042553191489362,0.774468085106383,0.9957446808510638,0.5576923076923077,0.07017543859649122,0.9934640522875817,0.5404439328587936
hard,svm + random_forest + naive_bayes + ridge_classifier + decision_tree + extra_trees,6,0.6638297872340425,0.8581560283687942,0.825531914893617,0.7574468085106383,0.9914893617021276,0.5773195876288659,0.17391304347826086,0.9868421052631579,0.5793582454567615
soft,knn + random_forest + extra_trees,3,0.6638297872340425,0.8567375886524823,0.8042553191489362,0.7702127659574468,0.9957446808510638,0.5306122448979592,0.25,0.9934640522875817,0.5913587657285136
hard,knn + random_forest + gradient_boosting + sgd_classifier,4,0.6638297872340425,0.8567375886524823,0.8,0.774468085106383,0.9957446808510638,0.5523809523809524,0.07017543859649122,0.9934640522875817,0.5386734810883418
hard,svm + random_forest + logistic_regression + sgd_classifier,4,0.6638297872340425,0.8567375886524823,0.8042553191489362,0.7702127659574468,0.9957446808510638,0.5892857142857143,0.12903225806451613,0.9934640522875817,0.5705940082126041
hard,svm + ridge_classifier,2,0.6638297872340425,0.8567375886524822,0.8127659574468085,0.774468085106383,0.9829787234042553,0.5849056603773585,0.0,0.9733333333333334,0.5194129979035639
soft,decision_tree + gradient_boosting + sgd_classifier,3,0.6638297872340425,0.8567375886524822,0.8085106382978723,0.7617021276595745,1.0,0.6017699115044248,0.24324324324324326,1.0,0.6150043849158894
hard,random_forest + logistic_regression + decision_tree + extra_trees,4,0.6638297872340425,0.8567375886524822,0.8170212765957446,0.7531914893617021,1.0,0.5274725274725275,0.17142857142857143,1.0,0.5663003663003663
soft,random_forest + naive_bayes + extra_trees + gradient_boosting,4,0.6638297872340425,0.8567375886524822,0.8085106382978723,0.7617021276595745,1.0,0.5631067961165048,0.24324324324324326,1.0,0.6021166797865827
soft,svm + decision_tree + extra_trees + sgd_classifier,4,0.6638297872340425,0.8567375886524822,0.8127659574468085,0.7574468085106383,1.0,0.5849056603773585,0.19718309859154928,1.0,0.5940295863229692
hard,svm + random_forest + naive_bayes + logistic_regression + gradient_boosting,5,0.6638297872340425,0.8567375886524822,0.8127659574468085,0.7574468085106383,1.0,0.6206896551724138,0.12307692307692308,1.0,0.5812555260831123
hard,svm + random_forest + naive_bayes + ridge_classifier + gradient_boosting,5,0.6638297872340425,0.8567375886524822,0.8127659574468085,0.7574468085106383,1.0,0.6206896551724138,0.12307692307692308,1.0,0.5812555260831123
soft,svm + random_forest + naive_bayes + extra_trees + sgd_classifier,5,0.6638297872340425,0.8567375886524822,0.8170212765957446,0.7531914893617021,1.0,0.6055045871559633,0.21621621621621623,1.0,0.6072402677907265
hard,random_forest + naive_bayes + ridge_classifier + decision_tree + extra_trees + gradient_boosting,6,0.6638297872340425,0.8567375886524822,0.8212765957446808,0.7574468085106383,0.9914893617021276,0.5714285714285714,0.17391304347826086,0.9868421052631579,0.5773945733899967
hard,svm + random_forest + logistic_regression + decision_tree + extra_trees + sgd_classifier,6,0.6638297872340425,0.8567375886524822,0.8085106382978723,0.7659574468085106,0.9957446808510638,0.5454545454545454,0.15384615384615385,0.9934640522875817,0.5642549171960937
hard,svm + random_forest + naive_bayes + logistic_regression + ridge_classifier + gradient_boosting,6,0.6638297872340425,0.8567375886524822,0.8127659574468085,0.7574468085106383,1.0,0.6206896551724138,0.12307692307692308,1.0,0.5812555260831123
hard,svm + random_forest + ridge_classifier + decision_tree + extra_trees + sgd_classifier,6,0.6638297872340425,0.8567375886524822,0.8085106382978723,0.7659574468085106,0.9957446808510638,0.5454545454545454,0.15384615384615385,0.9934640522875817,0.5642549171960937
soft,knn + svm + random_forest + naive_bayes + gradient_boosting + sgd_classifier,6,0.6638297872340425,0.8567375886524822,0.8170212765957446,0.7531914893617021,1.0,0.6126126126126126,0.14705882352941177,1.0,0.5865571453806747
soft,random_forest + gradient_boosting,2,0.6638297872340425,0.8553191489361702,0.7957446808510639,0.7702127659574468,1.0,0.5,0.1,1.0,0.5333333333333333
hard,knn + svm + random_forest,3,0.6638297872340425,0.8553191489361702,0.8,0.7702127659574468,0.9957446808510638,0.5523809523809524,0.06896551724137931,0.9934640522875817,0.5382701739699711
hard,random_forest + decision_tree + extra_trees,3,0.6638297872340425,0.8553191489361702,0.8127659574468085,0.7531914893617021,1.0,0.5217391304347826,0.17142857142857143,1.0,0.5643892339544513
hard,svm + random_forest + sgd_classifier,3,0.6638297872340425,0.8553191489361702,0.8,0.7702127659574468,0.9957446808510638,0.584070796460177,0.12903225806451613,0.9934640522875817,0.5688557022707582
soft,random_forest + decision_tree + sgd_classifier,3,0.6638297872340425,0.8553191489361702,0.8085106382978723,0.7574468085106383,1.0,0.5544554455445545,0.24,1.0,0.5981518151815182
hard,knn + svm + decision_tree + sgd_classifier,4,0.6638297872340425,0.8553191489361702,0.7957446808510639,0.774468085106383,0.9957446808510638,0.52,0.07017543859649122,0.9934640522875817,0.527879830294691
hard,knn + svm + random_forest + logistic_regression,4,0.6638297872340425,0.8553191489361702,0.8,0.7702127659574468,0.9957446808510638,0.5523809523809524,0.06896551724137931,0.9934640522875817,0.5382701739699711
hard,knn + logistic_regression + extra_trees + gradient_boosting + sgd_classifier,5,0.6638297872340425,0.8553191489361702,0.8085106382978723,0.7617021276595745,0.9957446808510638,0.6218487394957983,0.24324324324324326,0.9934640522875817,0.6195186783422078
hard,knn + random_forest + decision_tree + gradient_boosting + sgd_classifier,5,0.6638297872340425,0.8553191489361702,0.8,0.7659574468085106,1.0,0.584070796460177,0.09836065573770492,1.0,0.5608104840659607
soft,svm + naive_bayes + extra_trees + gradient_boosting + sgd_classifier,5,0.6638297872340425,0.8553191489361702,0.8085106382978723,0.7574468085106383,1.0,0.5871559633027523,0.17391304347826086,1.0,0.5870230022603377
soft,svm + random_forest + decision_tree + extra_trees + gradient_boosting,5,0.6638297872340425,0.8553191489361702,0.8042553191489362,0.7617021276595745,1.0,0.5,0.125,1.0,0.5416666666666666
hard,knn + naive_bayes + ridge_classifier + decision_tree + gradient_boosting + sgd_classifier,6,0.6638297872340425,0.8553191489361702,0.8212765957446808,0.7574468085106383,0.9872340425531915,0.625,0.17391304347826086,0.9801324503311258,0.5930151646031289
hard,knn + random_forest + logistic_regression + decision_tree + gradient_boosting + sgd_classifier,6,0.6638297872340425,0.8553191489361702,0.8,0.7659574468085106,1.0,0.584070796460177,0.09836065573770492,1.0,0.5608104840659607
hard,knn + random_forest + ridge_classifier + decision_tree + gradient_boosting + sgd_classifier,6,0.6638297872340425,0.8553191489361702,0.8,0.7659574468085106,1.0,0.584070796460177,0.09836065573770492,1.0,0.5608104840659607
hard,knn + svm + naive_bayes + logistic_regression + decision_tree + extra_trees + sgd_classifier,7,0.6638297872340425,0.8553191489361702,0.8170212765957446,0.7531914893617021,0.9957446808510638,0.6126126126126126,0.21621621621621623,0.9934640522875817,0.6074309603721368
hard,knn + svm + random_forest + naive_bayes + logistic_regression + extra_trees + sgd_classifier,7,0.6638297872340425,0.8553191489361702,0.8127659574468085,0.7574468085106383,0.9957446808510638,0.6071428571428571,0.24,0.9934640522875817,0.6135356364768129
hard,svm + ridge_classifier + extra_trees + gradient_boosting,4,0.6638297872340425,0.8539007092198582,0.8,0.774468085106383,0.9872340425531915,0.5765765765765766,0.0,0.9801324503311258,0.5189030089692341
soft,svm + decision_tree + extra_trees + gradient_boosting,4,0.6638297872340425,0.8539007092198582,0.8,0.7617021276595745,1.0,0.4946236559139785,0.125,1.0,0.5398745519713262
soft,svm + logistic_regression + extra_trees + gradient_boosting,4,0.6638297872340425,0.8539007092198582,0.7957446808510639,0.7659574468085106,1.0,0.5862068965517241,0.22535211267605634,1.0,0.6038530030759268
soft,svm + random_forest + logistic_regression + extra_trees,4,0.6638297872340425,0.8539007092198582,0.8,0.7617021276595745,1.0,0.5982905982905983,0.28205128205128205,1.0,0.6267806267806267
hard,knn + svm + naive_bayes + ridge_classifier + decision_tree,5,0.6638297872340425,0.8539007092198582,0.8212765957446808,0.7531914893617021,0.9872340425531915,0.631578947368421,0.19444444444444445,0.9801324503311258,0.6020519473813305
hard,knn + svm + naive_bayes + logistic_regression + ridge_classifier + decision_tree,6,0.6638297872340425,0.8539007092198582,0.8212765957446808,0.7531914893617021,0.9872340425531915,0.631578947368421,0.19444444444444445,0.9801324503311258,0.6020519473813305
soft,knn + svm + random_forest + logistic_regression + extra_trees + gradient_boosting,6,0.6638297872340425,0.8539007092198582,0.8,0.7617021276595745,1.0,0.584070796460177,0.2222222222222222,1.0,0.6020976728941331
hard,knn + random_forest + naive_bayes + logistic_regression + extra_trees + gradient_boosting + sgd_classifier,7,0.6638297872340425,0.8539007092198582,0.8042553191489362,0.7574468085106383,1.0,0.5964912280701754,0.24,1.0,0.6121637426900585
hard,knn + svm + random_forest + naive_bayes + decision_tree + extra_trees + gradient_boosting,7,0.6638297872340425,0.8539007092198582,0.8,0.7617021276595745,1.0,0.5607476635514018,0.06666666666666667,1.0,0.5424714434060228
hard,knn + svm + random_forest + naive_bayes + logistic_regression + decision_tree + extra_trees + gradient_boosting,8,0.6638297872340425,0.8539007092198582,0.8,0.7617021276595745,1.0,0.5607476635514018,0.06666666666666667,1.0,0.5424714434060228
hard,random_forest + ridge_classifier + gradient_boosting,3,0.6638297872340425,0.8524822695035462,0.8,0.7574468085106383,1.0,0.6299212598425197,0.14925373134328357,1.0,0.5930583303952678
hard,knn + random_forest + ridge_classifier + gradient_boosting,4,0.6638297872340425,0.8524822695035462,0.8,0.7702127659574468,0.9872340425531915,0.5688073394495413,0.06896551724137931,0.9801324503311258,0.5393017690073488
hard,knn + svm + ridge_classifier + decision_tree,4,0.6638297872340425,0.8524822695035462,0.8,0.774468085106383,0.9829787234042553,0.5523809523809524,0.07017543859649122,0.9733333333333334,0.5319632414369256
hard,random_forest + logistic_regression + ridge_classifier + gradient_boosting,4,0.6638297872340425,0.8524822695035462,0.8,0.7574468085106383,1.0,0.6299212598425197,0.14925373134328357,1.0,0.5930583303952678
soft,knn + svm + extra_trees + sgd_classifier,4,0.6638297872340425,0.8524822695035462,0.7957446808510639,0.7702127659574468,0.9914893617021276,0.5714285714285714,0.18181818181818182,0.9868421052631579,0.5800296195033038
soft,random_forest + extra_trees + gradient_boosting + sgd_classifier,4,0.6638297872340425,0.8524822695035462,0.7957446808510639,0.7617021276595745,1.0,0.5862068965517241,0.2631578947368421,1.0,0.616454930429522
soft,svm + random_forest + decision_tree + gradient_boosting,4,0.6638297872340425,0.8524822695035462,0.7957446808510639,0.7617021276595745,1.0,0.48936170212765956,0.15151515151515152,1.0,0.5469589512142704
hard,knn + logistic_regression + decision_tree + gradient_boosting + sgd_classifier,5,0.6638297872340425,0.8524822695035462,0.8042553191489362,0.7531914893617021,1.0,0.6349206349206349,0.17142857142857143,1.0,0.6021164021164022
hard,knn + ridge_classifier + decision_tree + gradient_boosting + sgd_classifier,5,0.6638297872340425,0.8524822695035462,0.8042553191489362,0.7531914893617021,1.0,0.6349206349206349,0.17142857142857143,1.0,0.6021164021164022
hard,svm + random_forest + logistic_regression + ridge_classifier + gradient_boosting,5,0.6638297872340425,0.8524822695035462,0.8,0.7574468085106383,1.0,0.6299212598425197,0.14925373134328357,1.0,0.5930583303952678
hard,knn + logistic_regression + ridge_classifier + decision_tree + gradient_boosting + sgd_classifier,6,0.6638297872340425,0.8524822695035462,0.8042553191489362,0.7531914893617021,1.0,0.6349206349206349,0.17142857142857143,1.0,0.6021164021164022
hard,knn + naive_bayes + logistic_regression + ridge_classifier + decision_tree + extra_trees + gradient_boosting,7,0.6638297872340425,0.8524822695035462,0.8127659574468085,0.7531914893617021,0.9914893617021276,0.639344262295082,0.2564102564102564,0.9868421052631579,0.6275322079894988
soft,knn + svm + random_forest + logistic_regression + decision_tree + extra_trees + gradient_boosting,7,0.6638297872340425,0.8524822695035462,0.8,0.7574468085106383,1.0,0.5607476635514018,0.12307692307692308,1.0,0.5612748622094417
soft,knn + svm + random_forest + logistic_regression + decision_tree + gradient_boosting + sgd_classifier,7,0.6638297872340425,0.8524822695035462,0.8042553191489362,0.7531914893617021,1.0,0.603448275862069,0.17142857142857143,1.0,0.5916256157635468
soft,svm + random_forest + logistic_regression + decision_tree + extra_trees + gradient_boosting + sgd_classifier,7,0.6638297872340425,0.8524822695035462,0.8042553191489362,0.7531914893617021,1.0,0.5964912280701754,0.14705882352941177,1.0,0.5811833505331957
hard,svm + decision_tree + sgd_classifier,3,0.6638297872340425,0.852482269503546,0.8042553191489362,0.7574468085106383,0.9957446808510638,0.5892857142857143,0.12307692307692308,0.9934640522875817,0.5686088965500731
hard,svm + logistic_regression + extra_trees,3,0.6638297872340425,0.852482269503546,0.8042553191489362,0.7574468085106383,0.9957446808510638,0.603448275862069,0.24,0.9934640522875817,0.6123041093832169
hard,svm + logistic_regression + decision_tree + sgd_classifier,4,0.6638297872340425,0.852482269503546,0.8042553191489362,0.7574468085106383,0.9957446808510638,0.5892857142857143,0.12307692307692308,0.9934640522875817,0.5686088965500731
hard,svm + ridge_classifier + decision_tree + sgd_classifier,4,0.6638297872340425,0.852482269503546,0.8042553191489362,0.7574468085106383,0.9957446808510638,0.5892857142857143,0.12307692307692308,0.9934640522875817,0.5686088965500731
hard,svm + naive_bayes + ridge_classifier + extra_trees + gradient_boosting + sgd_classifier,6,0.6638297872340425,0.852482269503546,0.8127659574468085,0.7574468085106383,0.9872340425531915,0.6,0.14925373134328357,0.9801324503311258,0.5764620605581364
hard,knn + svm + random_forest + naive_bayes + logistic_regression + ridge_classifier + decision_tree + gradient_boosting + sgd_classifier,9,0.6638297872340425,0.852482269503546,0.8085106382978723,0.7489361702127659,1.0,0.6218487394957983,0.1917808219178082,1.0,0.6045431871378688
soft,svm + random_forest + logistic_regression + gradient_boosting,4,0.6638297872340425,0.851063829787234,0.8042553191489362,0.7489361702127659,1.0,0.6166666666666667,0.16901408450704225,1.0,0.595226917057903
hard,naive_bayes + logistic_regression + decision_tree + extra_trees + gradient_boosting,5,0.6638297872340425,0.851063829787234,0.8042553191489362,0.7489361702127659,1.0,0.6101694915254238,0.23376623376623376,1.0,0.6146452417638858
soft,knn + random_forest + logistic_regression + decision_tree + extra_trees,5,0.6638297872340425,0.851063829787234,0.8042553191489362,0.7489361702127659,1.0,0.5576923076923077,0.23376623376623376,1.0,0.5971528471528472
soft,knn + svm + logistic_regression + decision_tree + extra_trees + gradient_boosting,6,0.6638297872340425,0.851063829787234,0.8,0.7531914893617021,1.0,0.5688073394495413,0.12121212121212122,1.0,0.5633398202205542
hard,knn + svm + random_forest + logistic_regression + decision_tree + extra_trees + sgd_classifier,7,0.6638297872340425,0.851063829787234,0.7957446808510639,0.7617021276595745,0.9957446808510638,0.5789473684210527,0.17647058823529413,0.9934640522875817,0.5829606696479762
hard,knn + svm + random_forest + naive_bayes + logistic_regression + decision_tree + extra_trees,7,0.6638297872340425,0.851063829787234,0.7957446808510639,0.7574468085106383,1.0,0.5636363636363636,0.19718309859154928,1.0,0.5869398207426376
hard,knn + svm + random_forest + ridge_classifier + decision_tree + extra_trees + sgd_classifier,7,0.6638297872340425,0.851063829787234,0.7957446808510639,0.7617021276595745,0.9957446808510638,0.5789473684210527,0.17647058823529413,0.9934640522875817,0.5829606696479762
hard,knn + svm + random_forest + logistic_regression + ridge_classifier + decision_tree + extra_trees + sgd_classifier,8,0.6638297872340425,0.851063829787234,0.7957446808510639,0.7617021276595745,0.9957446808510638,0.5789473684210527,0.17647058823529413,0.9934640522875817,0.5829606696479762
soft,knn + svm + random_forest + logistic_regression + decision_tree + extra_trees + gradient_boosting + sgd_classifier,8,0.6638297872340425,0.851063829787234,0.8,0.7531914893617021,1.0,0.591304347826087,0.14705882352941177,1.0,0.5794543904518329
soft,extra_trees + gradient_boosting + sgd_classifier,3,0.6638297872340425,0.849645390070922,0.7957446808510639,0.7531914893617021,1.0,0.5862068965517241,0.23684210526315788,1.0,0.6076830006049606
hard,knn + svm + ridge_classifier + decision_tree + extra_trees,5,0.6638297872340425,0.849645390070922,0.8042553191489362,0.7574468085106383,0.9872340425531915,0.5892857142857143,0.12307692307692308,0.9801324503311258,0.5641650292312544
soft,knn + svm + logistic_regression + extra_trees + gradient_boosting,5,0.6638297872340425,0.849645390070922,0.7957446808510639,0.7531914893617021,1.0,0.5789473684210527,0.17142857142857143,1.0,0.5834586466165413
hard,knn + svm + logistic_regression + ridge_classifier + decision_tree + extra_trees,6,0.6638297872340425,0.849645390070922,0.8042553191489362,0.7574468085106383,0.9872340425531915,0.5892857142857143,0.12307692307692308,0.9801324503311258,0.5641650292312544
soft,knn + svm + logistic_regression + decision_tree + extra_trees + gradient_boosting + sgd_classifier,7,0.6638297872340425,0.849645390070922,0.8,0.7489361702127659,1.0,0.591304347826087,0.14492753623188406,1.0,0.5787439613526569
hard,random_forest + gradient_boosting,2,0.6595744680851063,0.8638297872340425,0.8170212765957446,0.774468085106383,1.0,0.49411764705882355,0.0,1.0,0.4980392156862745
hard,svm + random_forest + decision_tree + extra_trees,4,0.6595744680851063,0.8638297872340425,0.8212765957446808,0.774468085106383,0.9957446808510638,0.5,0.07017543859649122,0.9934640522875817,0.5212131636280243
soft,svm + random_forest + extra_trees,3,0.6595744680851063,0.8624113475177305,0.8212765957446808,0.7659574468085106,1.0,0.5434782608695652,0.06779661016949153,1.0,0.5370916236796855
hard,svm + random_forest + naive_bayes + decision_tree + extra_trees + sgd_classifier,6,0.6595744680851063,0.8609929078014185,0.8212765957446808,0.7659574468085106,0.9957446808510638,0.5434782608695652,0.15384615384615385,0.9934640522875817,0.563596155667767
hard,random_forest + naive_bayes + decision_tree + extra_trees + gradient_boosting + sgd_classifier,6,0.6595744680851063,0.8595744680851064,0.8127659574468085,0.7659574468085106,1.0,0.5319148936170213,0.15384615384615385,1.0,0.5619203491543917
hard,svm + random_forest + naive_bayes + extra_trees + gradient_boosting + sgd_classifier,6,0.6595744680851063,0.8595744680851064,0.8127659574468085,0.7702127659574468,0.9957446808510638,0.5686274509803921,0.06896551724137931,0.9934640522875817,0.5436856735031177
hard,random_forest + sgd_classifier,2,0.6595744680851063,0.8581560283687942,0.8085106382978723,0.7702127659574468,0.9957446808510638,0.4943820224719101,0.12903225806451613,0.9934640522875817,0.5389594442746694
hard,random_forest + ridge_classifier + extra_trees + gradient_boosting,4,0.6595744680851063,0.8581560283687942,0.8127659574468085,0.7702127659574468,0.9914893617021276,0.5510204081632653,0.12903225806451613,0.9868421052631579,0.5556315904969797
hard,knn + random_forest + decision_tree + extra_trees + gradient_boosting,5,0.6595744680851063,0.8581560283687942,0.8127659574468085,0.7617021276595745,1.0,0.5416666666666666,0.06666666666666667,1.0,0.5361111111111111
soft,svm + random_forest + naive_bayes + decision_tree + extra_trees,5,0.6595744680851063,0.8581560283687942,0.8127659574468085,0.7617021276595745,1.0,0.5416666666666666,0.15151515151515152,1.0,0.5643939393939393
soft,svm + random_forest + naive_bayes + extra_trees + gradient_boosting,5,0.6595744680851063,0.8581560283687942,0.8127659574468085,0.7617021276595745,1.0,0.5769230769230769,0.125,1.0,0.5673076923076923
hard,svm + random_forest + naive_bayes + decision_tree + gradient_boosting + sgd_classifier,6,0.6595744680851063,0.8581560283687942,0.8042553191489362,0.7702127659574468,1.0,0.5576923076923077,0.06896551724137931,1.0,0.5422192749778957
hard,knn + svm + random_forest + sgd_classifier,4,0.6595744680851063,0.8567375886524823,0.8,0.774468085106383,0.9957446808510638,0.5346534653465347,0.07017543859649122,0.9934640522875817,0.5327643187435359
hard,ridge_classifier + extra_trees + gradient_boosting + sgd_classifier,4,0.6595744680851063,0.8567375886524823,0.8170212765957446,0.7659574468085106,0.9872340425531915,0.6260869565217392,0.22535211267605634,0.9801324503311258,0.6105238398429739
hard,svm + ridge_classifier + decision_tree + extra_trees,4,0.6595744680851063,0.8567375886524823,0.8170212765957446,0.7659574468085106,0.9872340425531915,0.5567010309278351,0.09836065573770492,0.9801324503311258,0.545064712332222
hard,svm + random_forest + naive_bayes + decision_tree + extra_trees + gradient_boosting + sgd_classifier,7,0.6595744680851063,0.8567375886524823,0.8042553191489362,0.7659574468085106,1.0,0.5740740740740741,0.15384615384615385,1.0,0.5759734093067427
hard,svm + random_forest + naive_bayes + logistic_regression + decision_tree + extra_trees + gradient_boosting + sgd_classifier,8,0.6595744680851063,0.8567375886524823,0.8042553191489362,0.7659574468085106,1.0,0.5740740740740741,0.15384615384615385,1.0,0.5759734093067427
hard,svm + random_forest + naive_bayes + ridge_classifier + decision_tree + extra_trees + gradient_boosting + sgd_classifier,8,0.6595744680851063,0.8567375886524823,0.8042553191489362,0.7659574468085106,1.0,0.5740740740740741,0.15384615384615385,1.0,0.5759734093067427
soft,svm + logistic_regression + decision_tree + extra_trees,4,0.6595744680851063,0.8567375886524822,0.8085106382978723,0.7617021276595745,1.0,0.5871559633027523,0.2631578947368421,1.0,0.6167712860131981
hard,svm + random_forest + naive_bayes + ridge_classifier + extra_trees + gradient_boosting,6,0.6595744680851063,0.8567375886524822,0.8127659574468085,0.7659574468085106,0.9914893617021276,0.5849056603773585,0.09836065573770492,0.9868421052631579,0.5567028071260737
hard,random_forest + naive_bayes + gradient_boosting,3,0.6595744680851063,0.8553191489361702,0.8085106382978723,0.7574468085106383,1.0,0.5871559633027523,0.12307692307692308,1.0,0.5700776287932251
hard,random_forest + naive_bayes + logistic_regression + gradient_boosting,4,0.6595744680851063,0.8553191489361702,0.8085106382978723,0.7574468085106383,1.0,0.5871559633027523,0.12307692307692308,1.0,0.5700776287932251
hard,svm + random_forest + ridge_classifier + sgd_classifier,4,0.6595744680851063,0.8553191489361702,0.8,0.7702127659574468,0.9957446808510638,0.5765765765765766,0.12903225806451613,0.9934640522875817,0.5663576289762248
hard,svm + ridge_classifier + extra_trees + sgd_classifier,4,0.6595744680851063,0.8553191489361702,0.8127659574468085,0.7659574468085106,0.9872340425531915,0.5849056603773585,0.22535211267605634,0.9801324503311258,0.5967967411281802
soft,svm + random_forest + decision_tree + sgd_classifier,4,0.6595744680851063,0.8553191489361702,0.8127659574468085,0.7531914893617021,1.0,0.5849056603773585,0.17142857142857143,1.0,0.58544474393531
soft,svm + random_forest + naive_bayes + extra_trees,4,0.6595744680851063,0.8553191489361702,0.8085106382978723,0.7617021276595745,0.9957446808510638,0.5631067961165048,0.17647058823529413,0.9934640522875817,0.5776804788797936
soft,knn + svm + random_forest + naive_bayes + sgd_classifier,5,0.6595744680851063,0.8553191489361702,0.8170212765957446,0.7489361702127659,1.0,0.6126126126126126,0.1917808219178082,1.0,0.6014644781768069
soft,svm + decision_tree + extra_trees + gradient_boosting + sgd_classifier,5,0.6595744680851063,0.8553191489361702,0.8085106382978723,0.7574468085106383,1.0,0.5714285714285714,0.12307692307692308,1.0,0.5648351648351648
soft,svm + logistic_regression + decision_tree + extra_trees + gradient_boosting,5,0.6595744680851063,0.8553191489361702,0.8085106382978723,0.7574468085106383,1.0,0.5794392523364486,0.17391304347826086,1.0,0.5844507652715698
soft,svm + random_forest + decision_tree + extra_trees + gradient_boosting + sgd_classifier,6,0.6595744680851063,0.8553191489361702,0.8085106382978723,0.7574468085106383,1.0,0.5544554455445545,0.12307692307692308,1.0,0.5591774562071592
hard,knn + svm + random_forest + naive_bayes + decision_tree + extra_trees + gradient_boosting + sgd_classifier,8,0.6595744680851063,0.8553191489361702,0.8042553191489362,0.7659574468085106,0.9957446808510638,0.5576923076923077,0.06779661016949153,0.9934640522875817,0.5396509900497937
hard,ridge_classifier + extra_trees + gradient_boosting,3,0.6595744680851063,0.8553191489361701,0.8170212765957446,0.7574468085106383,0.9914893617021276,0.656,0.24,0.9868421052631579,0.6276140350877193
hard,logistic_regression + ridge_classifier + extra_trees + gradient_boosting,4,0.6595744680851063,0.8553191489361701,0.8170212765957446,0.7574468085106383,0.9914893617021276,0.656,0.24,0.9868421052631579,0.6276140350877193
soft,svm + decision_tree + sgd_classifier,3,0.6595744680851063,0.8539007092198582,0.8042553191489362,0.7574468085106383,1.0,0.5892857142857143,0.24,1.0,0.6097619047619047
soft,svm + random_forest + sgd_classifier,3,0.6595744680851063,0.8539007092198582,0.8127659574468085,0.7489361702127659,1.0,0.6071428571428571,0.11940298507462686,1.0,0.5755152807391614
soft,random_forest + decision_tree + gradient_boosting + sgd_classifier,4,0.6595744680851063,0.8539007092198582,0.8085106382978723,0.7531914893617021,1.0,0.5454545454545454,0.19444444444444445,1.0,0.5799663299663299
soft,random_forest + logistic_regression + decision_tree + gradient_boosting,4,0.6595744680851063,0.8539007092198582,0.8042553191489362,0.7574468085106383,1.0,0.5306122448979592,0.24,1.0,0.590204081632653
hard,knn + svm + random_forest + naive_bayes + ridge_classifier,5,0.6595744680851063,0.8539007092198582,0.8127659574468085,0.7617021276595745,0.9872340425531915,0.6140350877192983,0.2,0.9801324503311258,0.5980558460168081
hard,random_forest + logistic_regression + extra_trees + gradient_boosting + sgd_classifier,5,0.6595744680851063,0.8539007092198582,0.8042553191489362,0.7574468085106383,1.0,0.6290322580645161,0.2597402597402597,1.0,0.6295908392682587
soft,knn + svm + naive_bayes + gradient_boosting + sgd_classifier,5,0.6595744680851063,0.8539007092198582,0.8085106382978723,0.7531914893617021,1.0,0.5945945945945946,0.12121212121212122,1.0,0.571935571935572
soft,knn + svm + random_forest + logistic_regression + decision_tree,5,0.6595744680851063,0.8539007092198582,0.8085106382978723,0.7531914893617021,1.0,0.5794392523364486,0.14705882352941177,1.0,0.5754993586219534
hard,knn + random_forest + naive_bayes + ridge_classifier + gradient_boosting + sgd_classifier,6,0.6595744680851063,0.8539007092198582,0.8085106382978723,0.7659574468085106,0.9872340425531915,0.5945945945945946,0.1791044776119403,0.9801324503311258,0.5846105075125535
hard,knn + svm + random_forest + naive_bayes + logistic_regression + ridge_classifier,6,0.6595744680851063,0.8539007092198582,0.8127659574468085,0.7617021276595745,0.9872340425531915,0.6140350877192983,0.2,0.9801324503311258,0.5980558460168081
hard,knn + svm + random_forest + naive_bayes + ridge_classifier + sgd_classifier,6,0.6595744680851063,0.8539007092198582,0.8127659574468085,0.7659574468085106,0.9829787234042553,0.6,0.1791044776119403,0.9733333333333334,0.5841459369817579
hard,svm + naive_bayes + decision_tree + extra_trees + gradient_boosting + sgd_classifier,6,0.6595744680851063,0.8539007092198582,0.8042553191489362,0.7617021276595745,0.9957446808510638,0.5576923076923077,0.06666666666666667,0.9934640522875817,0.5392743422155187
soft,svm + random_forest + logistic_regression + decision_tree + extra_trees + gradient_boosting,6,0.6595744680851063,0.8539007092198582,0.8042553191489362,0.7574468085106383,1.0,0.5660377358490566,0.14925373134328357,1.0,0.5717638223974467
soft,svm + random_forest + logistic_regression + decision_tree + extra_trees + sgd_classifier,6,0.6595744680851063,0.8539007092198582,0.8085106382978723,0.7531914893617021,1.0,0.6086956521739131,0.21621621621621623,1.0,0.6083039561300431
soft,svm + random_forest + naive_bayes + decision_tree + extra_trees + sgd_classifier,6,0.6595744680851063,0.8539007092198582,0.8042553191489362,0.7574468085106383,1.0,0.5576923076923077,0.17391304347826086,1.0,0.5772017837235229
hard,knn + random_forest + naive_bayes + logistic_regression + ridge_classifier + decision_tree + gradient_boosting,7,0.6595744680851063,0.8539007092198582,0.8127659574468085,0.7489361702127659,1.0,0.639344262295082,0.23376623376623376,1.0,0.6243701653537719
soft,knn + logistic_regression + decision_tree + extra_trees,4,0.6595744680851063,0.8524822695035462,0.8042553191489362,0.7531914893617021,1.0,0.5660377358490566,0.2564102564102564,1.0,0.6074826640864376
soft,knn + random_forest + decision_tree + extra_trees,4,0.6595744680851063,0.8524822695035462,0.7957446808510639,0.7617021276595745,1.0,0.48936170212765956,0.2222222222222222,1.0,0.570527974783294
soft,knn + random_forest + extra_trees + gradient_boosting,4,0.6595744680851063,0.8524822695035462,0.7872340425531915,0.7702127659574468,1.0,0.4791666666666667,0.15625,1.0,0.545138888888889
soft,knn + svm + gradient_boosting + sgd_classifier,4,0.6595744680851063,0.8524822695035462,0.8,0.7574468085106383,1.0,0.584070796460177,0.09523809523809523,1.0,0.5597696305660907
soft,naive_bayes + decision_tree + extra_trees + sgd_classifier,4,0.6595744680851063,0.8524822695035462,0.7957446808510639,0.7617021276595745,1.0,0.5714285714285714,0.28205128205128205,1.0,0.6178266178266179
soft,knn + svm + logistic_regression + decision_tree + extra_trees,5,0.6595744680851063,0.8524822695035462,0.8,0.7574468085106383,1.0,0.5688073394495413,0.17391304347826086,1.0,0.5809067943092674
soft,knn + svm + random_forest + gradient_boosting + sgd_classifier,5,0.6595744680851063,0.8524822695035462,0.8,0.7574468085106383,1.0,0.584070796460177,0.09523809523809523,1.0,0.5597696305660907
soft,knn + svm + random_forest + logistic_regression + gradient_boosting,5,0.6595744680851063,0.8524822695035462,0.7957446808510639,0.7617021276595745,1.0,0.5932203389830508,0.2,1.0,0.5977401129943503
soft,svm + naive_bayes + decision_tree + gradient_boosting + sgd_classifier,5,0.6595744680851063,0.8524822695035462,0.8042553191489362,0.7531914893617021,1.0,0.5818181818181818,0.14705882352941177,1.0,0.5762923351158645
hard,knn + svm + random_forest + ridge_classifier + extra_trees + gradient_boosting,6,0.6595744680851063,0.8524822695035462,0.8,0.7702127659574468,0.9872340425531915,0.5607476635514018,0.06896551724137931,0.9801324503311258,0.5366152103746357
hard,svm + naive_bayes + ridge_classifier + decision_tree + extra_trees + gradient_boosting,6,0.6595744680851063,0.8524822695035462,0.8042553191489362,0.7617021276595745,0.9914893617021276,0.5740740740740741,0.06666666666666667,0.9868421052631579,0.5425276153346329
soft,knn + svm + random_forest + naive_bayes + decision_tree + sgd_classifier,6,0.6595744680851063,0.8524822695035462,0.8,0.7574468085106383,1.0,0.5607476635514018,0.14925373134328357,1.0,0.5700004649648952
soft,svm + random_forest + logistic_regression + extra_trees + gradient_boosting + sgd_classifier,6,0.6595744680851063,0.8524822695035462,0.7957446808510639,0.7617021276595745,1.0,0.6,0.28205128205128205,1.0,0.6273504273504273
hard,knn + naive_bayes + ridge_classifier + decision_tree + extra_trees + gradient_boosting + sgd_classifier,7,0.6595744680851063,0.8524822695035462,0.8127659574468085,0.7531914893617021,0.9914893617021276,0.6140350877192983,0.21621621621621623,0.9868421052631579,0.6056978030662241
hard,knn + random_forest + naive_bayes + decision_tree + extra_trees + gradient_boosting + sgd_classifier,7,0.6595744680851063,0.8524822695035462,0.7957446808510639,0.7617021276595745,1.0,0.5555555555555556,0.17647058823529413,1.0,0.5773420479302832
hard,knn + svm + naive_bayes + logistic_regression + ridge_classifier + decision_tree + extra_trees,7,0.6595744680851063,0.8524822695035462,0.8127659574468085,0.7531914893617021,0.9914893617021276,0.6271186440677966,0.2564102564102564,0.9868421052631579,0.623457001913737
hard,svm + random_forest + logistic_regression + ridge_classifier + decision_tree + extra_trees + gradient_boosting,7,0.6595744680851063,0.8524822695035462,0.8042553191489362,0.7531914893617021,1.0,0.6166666666666667,0.17142857142857143,1.0,0.596031746031746
hard,knn + naive_bayes + logistic_regression + ridge_classifier + decision_tree + extra_trees + gradient_boosting + sgd_classifier,8,0.6595744680851063,0.8524822695035462,0.8127659574468085,0.7531914893617021,0.9914893617021276,0.6140350877192983,0.21621621621621623,0.9868421052631579,0.6056978030662241
hard,knn + random_forest + naive_bayes + logistic_regression + decision_tree + extra_trees + gradient_boosting + sgd_classifier,8,0.6595744680851063,0.8524822695035462,0.7957446808510639,0.7617021276595745,1.0,0.5555555555555556,0.17647058823529413,1.0,0.5773420479302832
soft,knn + svm + random_forest + naive_bayes + logistic_regression + decision_tree + extra_trees + sgd_classifier,8,0.6595744680851063,0.8524822695035462,0.8,0.7574468085106383,1.0,0.584070796460177,0.2191780821917808,1.0,0.6010829595506526
soft,svm + random_forest + naive_bayes + logistic_regression + decision_tree + extra_trees + gradient_boosting + sgd_classifier,8,0.6595744680851063,0.8524822695035462,0.8042553191489362,0.7531914893617021,1.0,0.5818181818181818,0.21621621621621623,1.0,0.5993447993447993
hard,knn + svm + logistic_regression + extra_trees + sgd_classifier,5,0.6595744680851063,0.852482269503546,0.8,0.7617021276595745,0.9957446808510638,0.584070796460177,0.24324324324324326,0.9934640522875817,0.6069260306636673
hard,knn + svm + naive_bayes + ridge_classifier + decision_tree + sgd_classifier,6,0.6595744680851063,0.852482269503546,0.8170212765957446,0.7574468085106383,0.9829787234042553,0.6126126126126126,0.17391304347826086,0.9733333333333334,0.5866196631414023
hard,knn + svm + random_forest + logistic_regression + extra_trees + sgd_classifier,6,0.6595744680851063,0.852482269503546,0.7957446808510639,0.7659574468085106,0.9957446808510638,0.5471698113207547,0.12698412698412698,0.9934640522875817,0.5558726635308212
hard,knn + svm + ridge_classifier + decision_tree + extra_trees + sgd_classifier,6,0.6595744680851063,0.852482269503546,0.8085106382978723,0.7617021276595745,0.9872340425531915,0.5794392523364486,0.125,0.9801324503311258,0.5615239008891915
soft,knn + random_forest + logistic_regression + decision_tree + extra_trees + gradient_boosting,6,0.6595744680851063,0.852482269503546,0.8127659574468085,0.7446808510638298,1.0,0.5769230769230769,0.14285714285714285,1.0,0.5732600732600732
hard,knn + random_forest + naive_bayes + logistic_regression + decision_tree + gradient_boosting + sgd_classifier,7,0.6595744680851063,0.852482269503546,0.8085106382978723,0.7489361702127659,1.0,0.6153846153846154,0.1917808219178082,1.0,0.6023884791008078
hard,knn + random_forest + naive_bayes + ridge_classifier + decision_tree + gradient_boosting + sgd_classifier,7,0.6595744680851063,0.852482269503546,0.8085106382978723,0.7489361702127659,1.0,0.6153846153846154,0.1917808219178082,1.0,0.6023884791008078
hard,svm + random_forest + naive_bayes + logistic_regression + decision_tree + gradient_boosting + sgd_classifier,7,0.6595744680851063,0.852482269503546,0.8085106382978723,0.7489361702127659,1.0,0.6153846153846154,0.14492753623188406,1.0,0.5867707172054998
hard,svm + random_forest + naive_bayes + ridge_classifier + decision_tree + gradient_boosting + sgd_classifier,7,0.6595744680851063,0.852482269503546,0.8085106382978723,0.7489361702127659,1.0,0.6153846153846154,0.14492753623188406,1.0,0.5867707172054998
hard,knn + random_forest + naive_bayes + logistic_regression + ridge_classifier + decision_tree + gradient_boosting + sgd_classifier,8,0.6595744680851063,0.852482269503546,0.8085106382978723,0.7489361702127659,1.0,0.6153846153846154,0.1917808219178082,1.0,0.6023884791008078
hard,svm + random_forest + naive_bayes + logistic_regression + ridge_classifier + decision_tree + gradient_boosting + sgd_classifier,8,0.6595744680851063,0.852482269503546,0.8085106382978723,0.7489361702127659,1.0,0.6153846153846154,0.14492753623188406,1.0,0.5867707172054998
hard,decision_tree + extra_trees + sgd_classifier,3,0.6595744680851063,0.851063829787234,0.8,0.7574468085106383,0.9957446808510638,0.5436893203883495,0.24,0.9934640522875817,0.5923844575586438
hard,naive_bayes + ridge_classifier + decision_tree + gradient_boosting,4,0.6595744680851063,0.851063829787234,0.8127659574468085,0.7531914893617021,0.9872340425531915,0.6071428571428571,0.12121212121212122,0.9801324503311258,0.5694958095620347
hard,knn + random_forest + naive_bayes + decision_tree + gradient_boosting,5,0.6595744680851063,0.851063829787234,0.7957446808510639,0.7574468085106383,1.0,0.5555555555555556,0.09523809523809523,1.0,0.5502645502645502
hard,knn + random_forest + naive_bayes + ridge_classifier + gradient_boosting,5,0.6595744680851063,0.851063829787234,0.8042553191489362,0.7617021276595745,0.9872340425531915,0.603448275862069,0.2,0.9801324503311258,0.5945269087310648
hard,knn + svm + random_forest + extra_trees + sgd_classifier,5,0.6595744680851063,0.851063829787234,0.7914893617021277,0.7659574468085106,0.9957446808510638,0.5420560747663551,0.12698412698412698,0.9934640522875817,0.5541680846793545
soft,knn + svm + naive_bayes + extra_trees + sgd_classifier,5,0.6595744680851063,0.851063829787234,0.8085106382978723,0.7531914893617021,0.9914893617021276,0.5871559633027523,0.19444444444444445,0.9868421052631579,0.5894808376701182
hard,knn + random_forest + naive_bayes + logistic_regression + decision_tree + gradient_boosting,6,0.6595744680851063,0.851063829787234,0.7957446808510639,0.7574468085106383,1.0,0.5555555555555556,0.09523809523809523,1.0,0.5502645502645502
hard,knn + random_forest + naive_bayes + logistic_regression + ridge_classifier + gradient_boosting,6,0.6595744680851063,0.851063829787234,0.8042553191489362,0.7617021276595745,0.9872340425531915,0.603448275862069,0.2,0.9801324503311258,0.5945269087310648
hard,knn + svm + logistic_regression + ridge_classifier + decision_tree + gradient_boosting + sgd_classifier,7,0.6595744680851063,0.851063829787234,0.8,0.7531914893617021,1.0,0.6299212598425197,0.17142857142857143,1.0,0.6004499437570304
hard,knn + svm + random_forest + logistic_regression + ridge_classifier + decision_tree + extra_trees,7,0.6595744680851063,0.851063829787234,0.8,0.7531914893617021,1.0,0.5982905982905983,0.19444444444444445,1.0,0.5975783475783475
hard,svm + naive_bayes + logistic_regression + ridge_classifier + decision_tree + extra_trees + gradient_boosting,7,0.6595744680851063,0.851063829787234,0.8042553191489362,0.7489361702127659,1.0,0.6229508196721312,0.23376623376623376,1.0,0.618905684479455
soft,svm + random_forest + naive_bayes + logistic_regression + decision_tree + extra_trees + gradient_boosting,7,0.6595744680851063,0.851063829787234,0.7957446808510639,0.7574468085106383,1.0,0.5636363636363636,0.19718309859154928,1.0,0.5869398207426376
hard,knn + random_forest + naive_bayes + logistic_regression + ridge_classifier + decision_tree + extra_trees + gradient_boosting + sgd_classifier,9,0.6595744680851063,0.851063829787234,0.8085106382978723,0.7446808510638298,1.0,0.6218487394957983,0.23076923076923078,1.0,0.6175393234216764
soft,knn + svm + random_forest + naive_bayes + logistic_regression + decision_tree + extra_trees + gradient_boosting + sgd_classifier,9,0.6595744680851063,0.851063829787234,0.8,0.7531914893617021,1.0,0.5765765765765766,0.19444444444444445,1.0,0.5903403403403403
hard,random_forest + extra_trees + sgd_classifier,3,0.6595744680851063,0.849645390070922,0.7957446808510639,0.7574468085106383,0.9957446808510638,0.5294117647058824,0.2597402597402597,0.9934640522875817,0.5942053589112413
soft,svm + logistic_regression + gradient_boosting,3,0.6595744680851063,0.849645390070922,0.8,0.7489361702127659,1.0,0.6115702479338843,0.21333333333333335,1.0,0.6083011937557392
hard,knn + random_forest + logistic_regression + decision_tree + extra_trees,5,0.6595744680851063,0.849645390070922,0.7957446808510639,0.7531914893617021,1.0,0.5294117647058824,0.19444444444444445,1.0,0.5746187363834423
hard,knn + svm + random_forest + ridge_classifier + extra_trees,5,0.6595744680851063,0.849645390070922,0.7957446808510639,0.7659574468085106,0.9872340425531915,0.5636363636363636,0.15384615384615385,0.9801324503311258,0.565871655937881
hard,svm + logistic_regression + decision_tree + extra_trees + sgd_classifier,5,0.6595744680851063,0.849645390070922,0.7957446808510639,0.7574468085106383,0.9957446808510638,0.5932203389830508,0.24,0.9934640522875817,0.6088947970902109
hard,svm + ridge_classifier + decision_tree + extra_trees + sgd_classifier,5,0.6595744680851063,0.849645390070922,0.7957446808510639,0.7574468085106383,0.9957446808510638,0.5932203389830508,0.24,0.9934640522875817,0.6088947970902109
hard,knn + random_forest + ridge_classifier + extra_trees + gradient_boosting + sgd_classifier,6,0.6595744680851063,0.849645390070922,0.7957446808510639,0.7659574468085106,0.9872340425531915,0.5636363636363636,0.12698412698412698,0.9801324503311258,0.5569176469838721
hard,knn + svm + random_forest + logistic_regression + ridge_classifier + extra_trees,6,0.6595744680851063,0.849645390070922,0.7957446808510639,0.7659574468085106,0.9872340425531915,0.5636363636363636,0.15384615384615385,0.9801324503311258,0.565871655937881
hard,svm + logistic_regression + ridge_classifier + decision_tree + extra_trees + sgd_classifier,6,0.6595744680851063,0.849645390070922,0.7957446808510639,0.7574468085106383,0.9957446808510638,0.5932203389830508,0.24,0.9934640522875817,0.6088947970902109
hard,knn + random_forest + naive_bayes + ridge_classifier + decision_tree + extra_trees + gradient_boosting,7,0.6595744680851063,0.849645390070922,0.8,0.7574468085106383,0.9914893617021276,0.5765765765765766,0.19718309859154928,0.9868421052631579,0.5868672601437612
hard,svm + random_forest + naive_bayes + logistic_regression + ridge_classifier + extra_trees + gradient_boosting,7,0.6595744680851063,0.849645390070922,0.8,0.7489361702127659,1.0,0.6050420168067226,0.21333333333333335,1.0,0.606125116713352
hard,knn + random_forest + naive_bayes + logistic_regression + ridge_classifier + decision_tree + extra_trees + gradient_boosting,8,0.6595744680851063,0.849645390070922,0.8,0.7574468085106383,0.9914893617021276,0.5765765765765766,0.19718309859154928,0.9868421052631579,0.5868672601437612
hard,svm + random_forest + naive_bayes + logistic_regression + ridge_classifier + decision_tree + extra_trees + gradient_boosting + sgd_classifier,9,0.6595744680851063,0.849645390070922,0.8085106382978723,0.7404255319148936,1.0,0.6218487394957983,0.2077922077922078,1.0,0.6098803157626688
hard,random_forest + decision_tree + sgd_classifier,3,0.6595744680851063,0.8482269503546099,0.8,0.7446808510638298,1.0,0.5346534653465347,0.14285714285714285,1.0,0.5591702027345592
soft,naive_bayes + logistic_regression + decision_tree + extra_trees,4,0.6595744680851063,0.8482269503546099,0.7914893617021277,0.7531914893617021,1.0,0.5882352941176471,0.30952380952380953,1.0,0.6325863678804855
hard,svm + random_forest + logistic_regression + extra_trees + sgd_classifier,5,0.6595744680851063,0.8482269503546099,0.7914893617021277,0.7574468085106383,0.9957446808510638,0.5882352941176471,0.2597402597402597,0.9934640522875817,0.6138132020484962
soft,knn + svm + naive_bayes + logistic_regression + decision_tree + extra_trees + gradient_boosting,7,0.6595744680851063,0.8482269503546099,0.7914893617021277,0.7531914893617021,1.0,0.5585585585585585,0.17142857142857143,1.0,0.5766623766623766
hard,svm + random_forest,2,0.6553191489361702,0.8624113475177304,0.8170212765957446,0.774468085106383,0.9957446808510638,0.4691358024691358,0.0,0.9934640522875817,0.4875332849189058
hard,svm + random_forest + extra_trees + sgd_classifier,4,0.6553191489361702,0.8624113475177304,0.8170212765957446,0.774468085106383,0.9957446808510638,0.5168539325842697,0.1016949152542373,0.9934640522875817,0.5373376333753629
soft,svm + extra_trees + gradient_boosting,3,0.6553191489361702,0.8609929078014185,0.8085106382978723,0.774468085106383,1.0,0.5161290322580645,0.0,1.0,0.5053763440860215
hard,knn + random_forest + decision_tree + gradient_boosting,4,0.6553191489361702,0.8595744680851064,0.8,0.7787234042553192,1.0,0.4470588235294118,0.07142857142857142,1.0,0.5061624649859944
hard,svm + random_forest + ridge_classifier + extra_trees,4,0.6553191489361702,0.8595744680851064,0.8212765957446808,0.7702127659574468,0.9872340425531915,0.5531914893617021,0.12903225806451613,0.9801324503311258,0.5541187325857814
soft,knn + svm + decision_tree + extra_trees + gradient_boosting,5,0.6553191489361702,0.8581560283687942,0.8042553191489362,0.7702127659574468,1.0,0.5106382978723404,0.12903225806451613,1.0,0.5465568519789522
hard,random_forest + extra_trees + gradient_boosting + sgd_classifier,4,0.6553191489361702,0.8567375886524823,0.8,0.774468085106383,0.9957446808510638,0.5052631578947369,0.1016949152542373,0.9934640522875817,0.5334740418121853
soft,knn + svm + decision_tree + gradient_boosting,4,0.6553191489361702,0.8567375886524823,0.8,0.7702127659574468,1.0,0.5052631578947369,0.12903225806451613,1.0,0.5447651386530844
soft,knn + svm + extra_trees + gradient_boosting,4,0.6553191489361702,0.8567375886524823,0.8,0.774468085106383,0.9957446808510638,0.5346534653465347,0.0,0.9934640522875817,0.5093725058780388
soft,knn + svm + random_forest + decision_tree + extra_trees + gradient_boosting,6,0.6553191489361702,0.8567375886524823,0.7957446808510639,0.774468085106383,1.0,0.4666666666666667,0.13114754098360656,1.0,0.5326047358834244
hard,knn + random_forest + logistic_regression + decision_tree + extra_trees + gradient_boosting,6,0.6553191489361702,0.8567375886524822,0.8085106382978723,0.7617021276595745,1.0,0.5263157894736842,0.06666666666666667,1.0,0.5309941520467837
hard,svm + random_forest + naive_bayes,3,0.6553191489361702,0.8553191489361702,0.8085106382978723,0.7574468085106383,1.0,0.5794392523364486,0.12307692307692308,1.0,0.5675053918044571
soft,knn + svm + decision_tree,3,0.6553191489361702,0.8553191489361702,0.8,0.7659574468085106,1.0,0.5154639175257731,0.22535211267605634,1.0,0.5802720100672766
hard,svm + random_forest + naive_bayes + logistic_regression,4,0.6553191489361702,0.8553191489361702,0.8085106382978723,0.7574468085106383,1.0,0.5794392523364486,0.12307692307692308,1.0,0.5675053918044571
soft,svm + naive_bayes + decision_tree + sgd_classifier,4,0.6553191489361702,0.8553191489361702,0.8085106382978723,0.7574468085106383,1.0,0.5945945945945946,0.24,1.0,0.6115315315315315
hard,knn + svm + random_forest + decision_tree + extra_trees,5,0.6553191489361702,0.8553191489361702,0.8085106382978723,0.7617021276595745,0.9957446808510638,0.5263157894736842,0.06666666666666667,0.9934640522875817,0.5288155028093109
soft,knn + svm + random_forest + naive_bayes + decision_tree,5,0.6553191489361702,0.8553191489361702,0.8042553191489362,0.7617021276595745,1.0,0.54,0.15151515151515152,1.0,0.5638383838383838
soft,svm + naive_bayes + logistic_regression + decision_tree + sgd_classifier,5,0.6553191489361702,0.8553191489361702,0.8127659574468085,0.7531914893617021,1.0,0.6271186440677966,0.2926829268292683,1.0,0.6399338569656883
soft,knn + svm + random_forest + naive_bayes + decision_tree + extra_trees + gradient_boosting,7,0.6553191489361702,0.8553191489361702,0.8042553191489362,0.7617021276595745,1.0,0.5306122448979592,0.125,1.0,0.5518707482993198
hard,random_forest + logistic_regression,2,0.6553191489361702,0.8539007092198582,0.8042553191489362,0.7574468085106383,1.0,0.5106382978723404,0.14925373134328357,1.0,0.5532973430718746
hard,svm + naive_bayes + decision_tree,3,0.6553191489361702,0.8539007092198582,0.8085106382978723,0.7531914893617021,1.0,0.5794392523364486,0.12121212121212122,1.0,0.5668837911828566
hard,random_forest + ridge_classifier + decision_tree + extra_trees,4,0.6553191489361702,0.8539007092198582,0.8170212765957446,0.7531914893617021,0.9914893617021276,0.5274725274725275,0.17142857142857143,0.9868421052631579,0.5619144013880856
hard,svm + naive_bayes + logistic_regression + decision_tree,4,0.6553191489361702,0.8539007092198582,0.8085106382978723,0.7531914893617021,1.0,0.5794392523364486,0.12121212121212122,1.0,0.5668837911828566
soft,logistic_regression + decision_tree + extra_trees + gradient_boosting,4,0.6553191489361702,0.8539007092198582,0.8085106382978723,0.7531914893617021,1.0,0.5714285714285714,0.23684210526315788,1.0,0.6027568922305764
hard,logistic_regression + decision_tree + extra_trees + gradient_boosting + sgd_classifier,5,0.6553191489361702,0.8539007092198582,0.8042553191489362,0.7574468085106383,1.0,0.6290322580645161,0.24,1.0,0.6230107526881721
hard,ridge_classifier + decision_tree + extra_trees + gradient_boosting + sgd_classifier,5,0.6553191489361702,0.8539007092198582,0.8042553191489362,0.7574468085106383,1.0,0.6290322580645161,0.24,1.0,0.6230107526881721
soft,knn + svm + naive_bayes + decision_tree + extra_trees,5,0.6553191489361702,0.8539007092198582,0.8042553191489362,0.7617021276595745,0.9957446808510638,0.54,0.15151515151515152,0.9934640522875817,0.561659734600911
soft,knn + svm + random_forest + decision_tree + gradient_boosting,5,0.6553191489361702,0.8539007092198582,0.8,0.7617021276595745,1.0,0.4946236559139785,0.125,1.0,0.5398745519713262
soft,random_forest + logistic_regression + decision_tree + extra_trees + gradient_boosting,5,0.6553191489361702,0.8539007092198582,0.8212765957446808,0.7404255319148936,1.0,0.5882352941176471,0.18666666666666668,1.0,0.5916339869281045
soft,svm + random_forest + logistic_regression + decision_tree + extra_trees,5,0.6553191489361702,0.8539007092198582,0.8042553191489362,0.7574468085106383,1.0,0.5660377358490566,0.17391304347826086,1.0,0.5799835931091059
soft,svm + random_forest + naive_bayes + gradient_boosting + sgd_classifier,5,0.6553191489361702,0.8539007092198582,0.8085106382978723,0.7531914893617021,1.0,0.5945945945945946,0.17142857142857143,1.0,0.5886743886743887
hard,logistic_regression + ridge_classifier + decision_tree + extra_trees + gradient_boosting + sgd_classifier,6,0.6553191489361702,0.8539007092198582,0.8042553191489362,0.7574468085106383,1.0,0.6290322580645161,0.24,1.0,0.6230107526881721
hard,random_forest + logistic_regression + ridge_classifier + extra_trees + gradient_boosting + sgd_classifier,6,0.6553191489361702,0.8539007092198582,0.8042553191489362,0.7574468085106383,1.0,0.6229508196721312,0.2597402597402597,1.0,0.6275636931374636
hard,knn + random_forest + logistic_regression + ridge_classifier + extra_trees + gradient_boosting + sgd_classifier,7,0.6553191489361702,0.8539007092198582,0.8042553191489362,0.7574468085106383,1.0,0.6290322580645161,0.27848101265822783,1.0,0.6358377569075814
hard,svm + random_forest + logistic_regression + ridge_classifier + extra_trees + gradient_boosting + sgd_classifier,7,0.6553191489361702,0.8539007092198582,0.8042553191489362,0.7574468085106383,1.0,0.6290322580645161,0.2597402597402597,1.0,0.6295908392682587
soft,knn + gradient_boosting,2,0.6553191489361702,0.8524822695035462,0.7829787234042553,0.774468085106383,1.0,0.5048543689320388,0.03636363636363636,1.0,0.5137393350985584
hard,logistic_regression + decision_tree + gradient_boosting,3,0.6553191489361702,0.8524822695035462,0.8,0.7574468085106383,1.0,0.6178861788617886,0.2191780821917808,1.0,0.6123547536845232
soft,knn + decision_tree + sgd_classifier,3,0.6553191489361702,0.8524822695035462,0.7957446808510639,0.7617021276595745,1.0,0.5636363636363636,0.24324324324324326,1.0,0.6022932022932023
soft,svm + random_forest + decision_tree,3,0.6553191489361702,0.8524822695035462,0.7957446808510639,0.7617021276595745,1.0,0.5,0.2222222222222222,1.0,0.5740740740740741
hard,logistic_regression + ridge_classifier + decision_tree + gradient_boosting,4,0.6553191489361702,0.8524822695035462,0.8,0.7574468085106383,1.0,0.6178861788617886,0.2191780821917808,1.0,0.6123547536845232
soft,knn + svm + decision_tree + sgd_classifier,4,0.6553191489361702,0.8524822695035462,0.8042553191489362,0.7531914893617021,1.0,0.5892857142857143,0.14705882352941177,1.0,0.5787815126050421
soft,knn + svm + random_forest + decision_tree,4,0.6553191489361702,0.8524822695035462,0.8,0.7574468085106383,1.0,0.4946236559139785,0.14925373134328357,1.0,0.5479591290857541
hard,knn + svm + random_forest + naive_bayes + decision_tree,5,0.6553191489361702,0.8524822695035462,0.8,0.7574468085106383,1.0,0.5523809523809524,0.09523809523809523,1.0,0.5492063492063491
hard,naive_bayes + decision_tree + extra_trees + gradient_boosting + sgd_classifier,5,0.6553191489361702,0.8524822695035462,0.8042553191489362,0.7531914893617021,1.0,0.5818181818181818,0.19444444444444445,1.0,0.5920875420875421
hard,random_forest + ridge_classifier + extra_trees + gradient_boosting + sgd_classifier,5,0.6553191489361702,0.8524822695035462,0.8,0.7574468085106383,1.0,0.6178861788617886,0.2597402597402597,1.0,0.6258754795340161
soft,knn + svm + decision_tree + extra_trees + sgd_classifier,5,0.6553191489361702,0.8524822695035462,0.8,0.7574468085106383,1.0,0.5688073394495413,0.12307692307692308,1.0,0.5639614208421548
hard,knn + svm + random_forest + naive_bayes + logistic_regression + decision_tree,6,0.6553191489361702,0.8524822695035462,0.8,0.7574468085106383,1.0,0.5523809523809524,0.09523809523809523,1.0,0.5492063492063491
hard,naive_bayes + logistic_regression + decision_tree + extra_trees + gradient_boosting + sgd_classifier,6,0.6553191489361702,0.8524822695035462,0.8042553191489362,0.7531914893617021,1.0,0.5818181818181818,0.19444444444444445,1.0,0.5920875420875421
hard,random_forest + naive_bayes + logistic_regression + extra_trees + gradient_boosting + sgd_classifier,6,0.6553191489361702,0.8524822695035462,0.8042553191489362,0.7531914893617021,1.0,0.5740740740740741,0.21621621621621623,1.0,0.5967634300967634
soft,knn + random_forest + naive_bayes + decision_tree + extra_trees + sgd_classifier,6,0.6553191489361702,0.8524822695035462,0.7957446808510639,0.7617021276595745,1.0,0.5471698113207547,0.2222222222222222,1.0,0.5897973445143256
soft,knn + svm + decision_tree + extra_trees + gradient_boosting + sgd_classifier,6,0.6553191489361702,0.8524822695035462,0.7957446808510639,0.7617021276595745,1.0,0.5555555555555556,0.125,1.0,0.5601851851851852
soft,knn + svm + random_forest + logistic_regression + decision_tree + gradient_boosting,6,0.6553191489361702,0.8524822695035462,0.8042553191489362,0.7531914893617021,1.0,0.5660377358490566,0.14705882352941177,1.0,0.5710321864594895
soft,knn + svm + random_forest + decision_tree + extra_trees + gradient_boosting + sgd_classifier,7,0.6553191489361702,0.8524822695035462,0.7914893617021277,0.7659574468085106,1.0,0.5242718446601942,0.12698412698412698,1.0,0.5504186572147737
soft,svm + random_forest + naive_bayes + decision_tree + extra_trees + gradient_boosting + sgd_classifier,7,0.6553191489361702,0.8524822695035462,0.8,0.7574468085106383,1.0,0.5436893203883495,0.14925373134328357,1.0,0.564314350577211
soft,random_forest + naive_bayes + extra_trees + sgd_classifier,4,0.6553191489361702,0.852482269503546,0.8170212765957446,0.7404255319148936,1.0,0.6126126126126126,0.2988505747126437,1.0,0.6371543957750855
soft,svm + naive_bayes + logistic_regression + decision_tree,4,0.6553191489361702,0.852482269503546,0.8085106382978723,0.7489361702127659,1.0,0.6017699115044248,0.23376623376623376,1.0,0.6118453817568862
hard,knn + ridge_classifier + extra_trees + gradient_boosting + sgd_classifier,5,0.6553191489361702,0.852482269503546,0.8085106382978723,0.7617021276595745,0.9872340425531915,0.6218487394957983,0.24324324324324326,0.9801324503311258,0.6150748110233891
hard,knn + svm + random_forest + decision_tree + sgd_classifier,5,0.6553191489361702,0.852482269503546,0.7957446808510639,0.7659574468085106,0.9957446808510638,0.5636363636363636,0.09836065573770492,0.9934640522875817,0.5518203572205501
soft,random_forest + naive_bayes + extra_trees + gradient_boosting + sgd_classifier,5,0.6553191489361702,0.852482269503546,0.8127659574468085,0.7446808510638298,1.0,0.6,0.25,1.0,0.6166666666666667
hard,knn + logistic_regression + ridge_classifier + extra_trees + gradient_boosting + sgd_classifier,6,0.6553191489361702,0.852482269503546,0.8085106382978723,0.7617021276595745,0.9872340425531915,0.6218487394957983,0.24324324324324326,0.9801324503311258,0.6150748110233891
hard,knn + svm + random_forest + logistic_regression + decision_tree + sgd_classifier,6,0.6553191489361702,0.852482269503546,0.7957446808510639,0.7659574468085106,0.9957446808510638,0.5636363636363636,0.09836065573770492,0.9934640522875817,0.5518203572205501
hard,knn + svm + random_forest + ridge_classifier + decision_tree + sgd_classifier,6,0.6553191489361702,0.852482269503546,0.7957446808510639,0.7659574468085106,0.9957446808510638,0.5636363636363636,0.09836065573770492,0.9934640522875817,0.5518203572205501
soft,knn + random_forest + naive_bayes + extra_trees + gradient_boosting + sgd_classifier,6,0.6553191489361702,0.852482269503546,0.8085106382978723,0.7489361702127659,1.0,0.5945945945945946,0.23376623376623376,1.0,0.6094536094536095
soft,knn + svm + naive_bayes + logistic_regression + extra_trees + gradient_boosting,6,0.6553191489361702,0.852482269503546,0.8,0.7617021276595745,0.9957446808510638,0.591304347826087,0.24324324324324326,0.9934640522875817,0.609337214452304
hard,knn + svm + naive_bayes + ridge_classifier + decision_tree + extra_trees + sgd_classifier,7,0.6553191489361702,0.852482269503546,0.8170212765957446,0.7531914893617021,0.9872340425531915,0.6126126126126126,0.21621621621621623,0.9801324503311258,0.6029870930533182
hard,knn + svm + random_forest + naive_bayes + logistic_regression + decision_tree + sgd_classifier,7,0.6553191489361702,0.852482269503546,0.8085106382978723,0.7489361702127659,1.0,0.6086956521739131,0.1917808219178082,1.0,0.6001588246972404
hard,knn + svm + random_forest + naive_bayes + logistic_regression + ridge_classifier + decision_tree,7,0.6553191489361702,0.852482269503546,0.8085106382978723,0.7489361702127659,1.0,0.6218487394957983,0.23376623376623376,1.0,0.6185383244206774
hard,knn + svm + random_forest + naive_bayes + ridge_classifier + decision_tree + sgd_classifier,7,0.6553191489361702,0.852482269503546,0.8085106382978723,0.7489361702127659,1.0,0.6086956521739131,0.1917808219178082,1.0,0.6001588246972404
hard,knn + svm + random_forest + naive_bayes + ridge_classifier + extra_trees + sgd_classifier,7,0.6553191489361702,0.852482269503546,0.8127659574468085,0.7574468085106383,0.9872340425531915,0.6071428571428571,0.24,0.9801324503311258,0.6090917691579943
hard,knn + svm + naive_bayes + logistic_regression + ridge_classifier + decision_tree + extra_trees + sgd_classifier,8,0.6553191489361702,0.852482269503546,0.8170212765957446,0.7531914893617021,0.9872340425531915,0.6126126126126126,0.21621621621621623,0.9801324503311258,0.6029870930533182
hard,knn + svm + random_forest + naive_bayes + logistic_regression + ridge_classifier + decision_tree + sgd_classifier,8,0.6553191489361702,0.852482269503546,0.8085106382978723,0.7489361702127659,1.0,0.6086956521739131,0.1917808219178082,1.0,0.6001588246972404
hard,knn + svm + random_forest + naive_bayes + logistic_regression + ridge_classifier + extra_trees + sgd_classifier,8,0.6553191489361702,0.852482269503546,0.8127659574468085,0.7574468085106383,0.9872340425531915,0.6071428571428571,0.24,0.9801324503311258,0.6090917691579943
hard,random_forest + logistic_regression + decision_tree,3,0.6553191489361702,0.851063829787234,0.8042553191489362,0.7489361702127659,1.0,0.5660377358490566,0.25316455696202533,1.0,0.6064007642703606
hard,ridge_classifier + decision_tree + extra_trees,3,0.6553191489361702,0.851063829787234,0.8170212765957446,0.7446808510638298,0.9914893617021276,0.6126126126126126,0.3181818181818182,0.9868421052631579,0.6392121786858628
soft,random_forest + naive_bayes + extra_trees,3,0.6553191489361702,0.851063829787234,0.8085106382978723,0.7531914893617021,0.9914893617021276,0.5714285714285714,0.2564102564102564,0.9868421052631579,0.6048936443673285
hard,knn + random_forest + logistic_regression + sgd_classifier,4,0.6553191489361702,0.851063829787234,0.7957446808510639,0.7617021276595745,0.9957446808510638,0.5636363636363636,0.17647058823529413,0.9934640522875817,0.5778570013864132
hard,knn + svm + random_forest + ridge_classifier,4,0.6553191489361702,0.851063829787234,0.8,0.7702127659574468,0.9829787234042553,0.5523809523809524,0.06896551724137931,0.9733333333333334,0.5315599343185551
hard,logistic_regression + decision_tree + extra_trees + sgd_classifier,4,0.6553191489361702,0.851063829787234,0.8,0.7574468085106383,0.9957446808510638,0.5346534653465347,0.24,0.9934640522875817,0.5893725058780388
hard,logistic_regression + ridge_classifier + decision_tree + extra_trees,4,0.6553191489361702,0.851063829787234,0.8127659574468085,0.7489361702127659,0.9914893617021276,0.6,0.3218390804597701,0.9868421052631579,0.6362270619076426
soft,svm + decision_tree + gradient_boosting + sgd_classifier,4,0.6553191489361702,0.851063829787234,0.8042553191489362,0.7489361702127659,1.0,0.5818181818181818,0.11940298507462686,1.0,0.5670737222976029
hard,knn + svm + random_forest + logistic_regression + decision_tree,5,0.6553191489361702,0.851063829787234,0.8,0.7531914893617021,1.0,0.584070796460177,0.09375,1.0,0.559273598820059
hard,knn + svm + random_forest + ridge_classifier + decision_tree,5,0.6553191489361702,0.851063829787234,0.8,0.7531914893617021,1.0,0.584070796460177,0.09375,1.0,0.559273598820059
hard,random_forest + naive_bayes + extra_trees + gradient_boosting + sgd_classifier,5,0.6553191489361702,0.851063829787234,0.8,0.7531914893617021,1.0,0.5688073394495413,0.21621621621621623,1.0,0.5950078518885858
hard,svm + logistic_regression + ridge_classifier + decision_tree + gradient_boosting,5,0.6553191489361702,0.851063829787234,0.7957446808510639,0.7574468085106383,1.0,0.6129032258064516,0.2191780821917808,1.0,0.6106937693327441
soft,random_forest + naive_bayes + decision_tree + extra_trees + sgd_classifier,5,0.6553191489361702,0.851063829787234,0.7957446808510639,0.7574468085106383,1.0,0.5636363636363636,0.2597402597402597,1.0,0.6077922077922078
soft,svm + logistic_regression + decision_tree + extra_trees + sgd_classifier,5,0.6553191489361702,0.851063829787234,0.8042553191489362,0.7489361702127659,1.0,0.603448275862069,0.23376623376623376,1.0,0.6124048365427676
hard,knn + svm + naive_bayes + extra_trees + gradient_boosting + sgd_classifier,6,0.6553191489361702,0.851063829787234,0.8127659574468085,0.7659574468085106,0.9744680851063829,0.5849056603773585,0.06779661016949153,0.9594594594594594,0.5373872433354365
hard,knn + svm + random_forest + logistic_regression + ridge_classifier + decision_tree,6,0.6553191489361702,0.851063829787234,0.8,0.7531914893617021,1.0,0.584070796460177,0.09375,1.0,0.559273598820059
hard,knn + random_forest + naive_bayes + ridge_classifier + extra_trees + gradient_boosting + sgd_classifier,7,0.6553191489361702,0.851063829787234,0.8042553191489362,0.7574468085106383,0.9914893617021276,0.5964912280701754,0.24,0.9868421052631579,0.6077777777777778
hard,knn + svm + random_forest + naive_bayes + decision_tree + extra_trees + sgd_classifier,7,0.6553191489361702,0.851063829787234,0.7957446808510639,0.7617021276595745,0.9957446808510638,0.5471698113207547,0.17647058823529413,0.9934640522875817,0.5723681506145435
soft,knn + svm + naive_bayes + logistic_regression + decision_tree + extra_trees + sgd_classifier,7,0.6553191489361702,0.851063829787234,0.8042553191489362,0.7489361702127659,1.0,0.5964912280701754,0.23376623376623376,1.0,0.6100858206121363
soft,svm + random_forest + naive_bayes + logistic_regression + decision_tree + gradient_boosting + sgd_classifier,7,0.6553191489361702,0.851063829787234,0.8042553191489362,0.7489361702127659,1.0,0.603448275862069,0.21333333333333335,1.0,0.6055938697318007
hard,knn + random_forest + naive_bayes + logistic_regression + ridge_classifier + extra_trees + gradient_boosting + sgd_classifier,8,0.6553191489361702,0.851063829787234,0.8042553191489362,0.7574468085106383,0.9914893617021276,0.5964912280701754,0.24,0.9868421052631579,0.6077777777777778
hard,knn + svm + random_forest + naive_bayes + logistic_regression + decision_tree + extra_trees + sgd_classifier,8,0.6553191489361702,0.851063829787234,0.7957446808510639,0.7617021276595745,0.9957446808510638,0.5471698113207547,0.17647058823529413,0.9934640522875817,0.5723681506145435
hard,knn + svm + random_forest + naive_bayes + ridge_classifier + decision_tree + extra_trees + gradient_boosting,8,0.6553191489361702,0.851063829787234,0.8,0.7617021276595745,0.9914893617021276,0.5607476635514018,0.06666666666666667,0.9868421052631579,0.5380854784937421
soft,knn + svm + naive_bayes + logistic_regression + decision_tree + extra_trees + gradient_boosting + sgd_classifier,8,0.6553191489361702,0.851063829787234,0.8,0.7531914893617021,1.0,0.584070796460177,0.19444444444444445,1.0,0.5928384136348738
hard,knn + svm + random_forest + naive_bayes + logistic_regression + ridge_classifier + decision_tree + extra_trees + sgd_classifier,9,0.6553191489361702,0.851063829787234,0.8085106382978723,0.7446808510638298,1.0,0.6153846153846154,0.23076923076923078,1.0,0.6153846153846154
soft,svm + sgd_classifier,2,0.6553191489361702,0.8510638297872339,0.8085106382978723,0.7489361702127659,0.9957446808510638,0.6017699115044248,0.16901408450704225,0.9934640522875817,0.5880826827663496
hard,knn + random_forest + sgd_classifier,3,0.6553191489361702,0.849645390070922,0.7914893617021277,0.7617021276595745,0.9957446808510638,0.5585585585585585,0.17647058823529413,0.9934640522875817,0.5761643996938114
hard,svm + ridge_classifier + extra_trees,3,0.6553191489361702,0.849645390070922,0.8042553191489362,0.7574468085106383,0.9872340425531915,0.603448275862069,0.24,0.9801324503311258,0.6078602420643983
soft,random_forest + extra_trees + sgd_classifier,3,0.6553191489361702,0.849645390070922,0.8,0.7489361702127659,1.0,0.5982905982905983,0.2891566265060241,1.0,0.6291490749322074
hard,svm + logistic_regression + ridge_classifier + extra_trees,4,0.6553191489361702,0.849645390070922,0.8042553191489362,0.7574468085106383,0.9872340425531915,0.603448275862069,0.24,0.9801324503311258,0.6078602420643983
soft,knn + random_forest + logistic_regression + extra_trees,4,0.6553191489361702,0.849645390070922,0.8127659574468085,0.7361702127659574,1.0,0.6271186440677966,0.2619047619047619,1.0,0.6296744686575195
soft,knn + svm + random_forest + sgd_classifier,4,0.6553191489361702,0.849645390070922,0.8,0.7489361702127659,1.0,0.584070796460177,0.11940298507462686,1.0,0.5678245938449346
hard,knn + random_forest + logistic_regression + ridge_classifier + gradient_boosting,5,0.6553191489361702,0.849645390070922,0.8,0.7489361702127659,1.0,0.6356589147286822,0.1917808219178082,1.0,0.6091465788821635
hard,knn + svm + naive_bayes + extra_trees + gradient_boosting,5,0.6553191489361702,0.849645390070922,0.8127659574468085,0.7617021276595745,0.9744680851063829,0.5849056603773585,0.06666666666666667,0.9594594594594594,0.5370105955011616
hard,random_forest + naive_bayes + logistic_regression + decision_tree + gradient_boosting,5,0.6553191489361702,0.849645390070922,0.8042553191489362,0.7446808510638298,1.0,0.6101694915254238,0.1891891891891892,1.0,0.5997862269048709
hard,random_forest + naive_bayes + ridge_classifier + decision_tree + gradient_boosting,5,0.6553191489361702,0.849645390070922,0.8042553191489362,0.7446808510638298,1.0,0.6101694915254238,0.1891891891891892,1.0,0.5997862269048709
hard,svm + naive_bayes + logistic_regression + decision_tree + extra_trees,5,0.6553191489361702,0.849645390070922,0.8,0.7489361702127659,1.0,0.584070796460177,0.23376623376623376,1.0,0.6059456767421368
soft,knn + logistic_regression + decision_tree + extra_trees + gradient_boosting,5,0.6553191489361702,0.849645390070922,0.8,0.7489361702127659,1.0,0.5607476635514018,0.1917808219178082,1.0,0.58417616182307
soft,knn + logistic_regression + decision_tree + extra_trees + sgd_classifier,5,0.6553191489361702,0.849645390070922,0.8,0.7489361702127659,1.0,0.6050420168067226,0.3058823529411765,1.0,0.6369747899159663
soft,knn + random_forest + decision_tree + extra_trees + gradient_boosting,5,0.6553191489361702,0.849645390070922,0.7914893617021277,0.7574468085106383,1.0,0.4731182795698925,0.14925373134328357,1.0,0.540790670304392
soft,svm + naive_bayes + logistic_regression + decision_tree + extra_trees,5,0.6553191489361702,0.849645390070922,0.8,0.7489361702127659,1.0,0.5765765765765766,0.21333333333333335,1.0,0.5966366366366366
hard,knn + svm + naive_bayes + logistic_regression + extra_trees + gradient_boosting,6,0.6553191489361702,0.849645390070922,0.8127659574468085,0.7617021276595745,0.9744680851063829,0.5849056603773585,0.06666666666666667,0.9594594594594594,0.5370105955011616
hard,random_forest + naive_bayes + logistic_regression + ridge_classifier + decision_tree + gradient_boosting,6,0.6553191489361702,0.849645390070922,0.8042553191489362,0.7446808510638298,1.0,0.6101694915254238,0.1891891891891892,1.0,0.5997862269048709
soft,knn + naive_bayes + decision_tree + extra_trees + gradient_boosting + sgd_classifier,6,0.6553191489361702,0.849645390070922,0.7957446808510639,0.7531914893617021,1.0,0.5555555555555556,0.17142857142857143,1.0,0.5756613756613757
soft,knn + svm + logistic_regression + decision_tree + extra_trees + sgd_classifier,6,0.6553191489361702,0.849645390070922,0.8042553191489362,0.7446808510638298,1.0,0.603448275862069,0.1891891891891892,1.0,0.5975458216837527
soft,knn + svm + logistic_regression + decision_tree + gradient_boosting + sgd_classifier,6,0.6553191489361702,0.849645390070922,0.8,0.7489361702127659,1.0,0.5982905982905983,0.16901408450704225,1.0,0.5891015609325468
soft,knn + svm + logistic_regression + extra_trees + gradient_boosting + sgd_classifier,6,0.6553191489361702,0.849645390070922,0.8042553191489362,0.7446808510638298,1.0,0.6166666666666667,0.21052631578947367,1.0,0.6090643274853801
soft,knn + svm + naive_bayes + logistic_regression + decision_tree + gradient_boosting,6,0.6553191489361702,0.849645390070922,0.8,0.7489361702127659,1.0,0.584070796460177,0.14492753623188406,1.0,0.5763327775640203
soft,random_forest + naive_bayes + decision_tree + extra_trees + gradient_boosting + sgd_classifier,6,0.6553191489361702,0.849645390070922,0.7957446808510639,0.7531914893617021,1.0,0.5555555555555556,0.17142857142857143,1.0,0.5756613756613757
soft,svm + random_forest + naive_bayes + logistic_regression + extra_trees + gradient_boosting,6,0.6553191489361702,0.849645390070922,0.7914893617021277,0.7574468085106383,1.0,0.5663716814159292,0.24,1.0,0.6021238938053097
hard,knn + svm + random_forest + logistic_regression + ridge_classifier + extra_trees + sgd_classifier,7,0.6553191489361702,0.849645390070922,0.7957446808510639,0.7574468085106383,0.9957446808510638,0.6,0.27848101265822783,0.9934640522875817,0.6239816883152699
soft,knn + random_forest + naive_bayes + decision_tree + extra_trees + gradient_boosting + sgd_classifier,7,0.6553191489361702,0.849645390070922,0.7914893617021277,0.7574468085106383,1.0,0.5420560747663551,0.17391304347826086,1.0,0.5719897060815387
soft,knn + svm + sgd_classifier,3,0.6553191489361702,0.8482269503546099,0.8,0.7489361702127659,0.9957446808510638,0.584070796460177,0.09230769230769231,0.9934640522875817,0.5566141803518171
soft,svm + logistic_regression + extra_trees,3,0.6553191489361702,0.8482269503546099,0.7957446808510639,0.7531914893617021,0.9957446808510638,0.5862068965517241,0.275,0.9934640522875817,0.6182236496131019
hard,random_forest + logistic_regression + decision_tree + sgd_classifier,4,0.6553191489361702,0.8482269503546099,0.8,0.7446808510638298,1.0,0.5252525252525253,0.14285714285714285,1.0,0.556036556036556
hard,random_forest + logistic_regression + extra_trees + sgd_classifier,4,0.6553191489361702,0.8482269503546099,0.7914893617021277,0.7574468085106383,0.9957446808510638,0.5148514851485149,0.2597402597402597,0.9934640522875817,0.5893519323921188
soft,knn + random_forest + logistic_regression + decision_tree,4,0.6553191489361702,0.8482269503546099,0.7957446808510639,0.7489361702127659,1.0,0.5384615384615384,0.23376623376623376,1.0,0.5907425907425907
soft,knn + svm + logistic_regression + extra_trees,4,0.6553191489361702,0.8482269503546099,0.7957446808510639,0.7617021276595745,0.9872340425531915,0.5789473684210527,0.24324324324324326,0.9801324503311258,0.6007743539984739
soft,random_forest + logistic_regression + extra_trees + gradient_boosting,4,0.6553191489361702,0.8482269503546099,0.7957446808510639,0.7489361702127659,1.0,0.6,0.3058823529411765,1.0,0.6352941176470588
hard,knn + naive_bayes + logistic_regression + extra_trees + gradient_boosting,5,0.6553191489361702,0.8482269503546099,0.8042553191489362,0.7617021276595745,0.9787234042553191,0.5964912280701754,0.2222222222222222,0.9664429530201343,0.5950521344375107
hard,knn + random_forest + logistic_regression + extra_trees + sgd_classifier,5,0.6553191489361702,0.8482269503546099,0.7914893617021277,0.7574468085106383,0.9957446808510638,0.5811965811965812,0.27848101265822783,0.9934640522875817,0.6177138820474636
hard,naive_bayes + ridge_classifier + decision_tree + extra_trees + gradient_boosting,5,0.6553191489361702,0.8482269503546099,0.8042553191489362,0.7489361702127659,0.9914893617021276,0.6101694915254238,0.23376623376623376,0.9868421052631579,0.6102592768516052
hard,random_forest + naive_bayes + logistic_regression + extra_trees + gradient_boosting,5,0.6553191489361702,0.8482269503546099,0.7957446808510639,0.7489361702127659,1.0,0.5714285714285714,0.21333333333333335,1.0,0.594920634920635
soft,svm + naive_bayes + logistic_regression + extra_trees + gradient_boosting,5,0.6553191489361702,0.8482269503546099,0.7957446808510639,0.7489361702127659,1.0,0.5862068965517241,0.23376623376623376,1.0,0.6066577101059859
hard,knn + svm + naive_bayes + ridge_classifier + extra_trees + gradient_boosting,6,0.6553191489361702,0.8482269503546099,0.8127659574468085,0.7617021276595745,0.9702127659574468,0.5849056603773585,0.06666666666666667,0.9523809523809523,0.5346510931416592
hard,naive_bayes + logistic_regression + ridge_classifier + decision_tree + extra_trees + gradient_boosting,6,0.6553191489361702,0.8482269503546099,0.8042553191489362,0.7489361702127659,0.9914893617021276,0.6101694915254238,0.23376623376623376,0.9868421052631579,0.6102592768516052
hard,svm + random_forest + logistic_regression + ridge_classifier + extra_trees + sgd_classifier,6,0.6553191489361702,0.8482269503546099,0.7914893617021277,0.7574468085106383,0.9957446808510638,0.5811965811965812,0.2597402597402597,0.9934640522875817,0.6114669644081409
soft,svm + naive_bayes + logistic_regression + decision_tree + extra_trees + gradient_boosting,6,0.6553191489361702,0.8482269503546099,0.8,0.7446808510638298,1.0,0.5765765765765766,0.16666666666666666,1.0,0.581081081081081
hard,knn + svm + logistic_regression + ridge_classifier + decision_tree + extra_trees + sgd_classifier,7,0.6553191489361702,0.8482269503546099,0.7957446808510639,0.7531914893617021,0.9957446808510638,0.6065573770491803,0.2564102564102564,0.9934640522875817,0.6188105619156729
hard,knn + svm + random_forest + naive_bayes + ridge_classifier + decision_tree + extra_trees,7,0.6553191489361702,0.8482269503546099,0.7957446808510639,0.7574468085106383,0.9914893617021276,0.5636363636363636,0.19718309859154928,0.9868421052631579,0.5825538558303569
hard,knn + svm + random_forest + naive_bayes + logistic_regression + ridge_classifier + decision_tree + extra_trees,8,0.6553191489361702,0.8482269503546099,0.7957446808510639,0.7574468085106383,0.9914893617021276,0.5636363636363636,0.19718309859154928,0.9868421052631579,0.5825538558303569
soft,knn + svm + random_forest + naive_bayes + logistic_regression + decision_tree + extra_trees + gradient_boosting,8,0.6553191489361702,0.8482269503546099,0.7914893617021277,0.7531914893617021,1.0,0.5504587155963303,0.14705882352941177,1.0,0.5658391797085808
soft,knn + logistic_regression + decision_tree + gradient_boosting,4,0.6553191489361702,0.8468085106382978,0.7829787234042553,0.7574468085106383,1.0,0.5233644859813084,0.24,1.0,0.5877881619937694
hard,knn + naive_bayes + ridge_classifier + extra_trees + gradient_boosting,5,0.6553191489361702,0.8468085106382978,0.8042553191489362,0.7617021276595745,0.9744680851063829,0.5964912280701754,0.2222222222222222,0.9594594594594594,0.592724303250619
hard,random_forest + logistic_regression + decision_tree + gradient_boosting + sgd_classifier,5,0.6553191489361702,0.8468085106382978,0.7957446808510639,0.7446808510638298,1.0,0.6190476190476191,0.14285714285714285,1.0,0.5873015873015873
hard,svm + random_forest + ridge_classifier + extra_trees + sgd_classifier,5,0.6553191489361702,0.8468085106382978,0.7872340425531915,0.7574468085106383,0.9957446808510638,0.576271186440678,0.2597402597402597,0.9934640522875817,0.6098251661561731
soft,naive_bayes + decision_tree + extra_trees + gradient_boosting + sgd_classifier,5,0.6553191489361702,0.8468085106382978,0.7957446808510639,0.7446808510638298,1.0,0.5714285714285714,0.1891891891891892,1.0,0.5868725868725869
soft,naive_bayes + logistic_regression + decision_tree + extra_trees + gradient_boosting,5,0.6553191489361702,0.8468085106382978,0.7957446808510639,0.7446808510638298,1.0,0.5862068965517241,0.25,1.0,0.6120689655172414
hard,knn + naive_bayes + logistic_regression + ridge_classifier + extra_trees + gradient_boosting,6,0.6553191489361702,0.8468085106382978,0.8042553191489362,0.7617021276595745,0.9744680851063829,0.5964912280701754,0.2222222222222222,0.9594594594594594,0.592724303250619
soft,knn + naive_bayes + logistic_regression + decision_tree + extra_trees + gradient_boosting,6,0.6553191489361702,0.8468085106382978,0.7957446808510639,0.7446808510638298,1.0,0.5862068965517241,0.21052631578947367,1.0,0.5989110707803992
hard,knn + svm + random_forest + logistic_regression + ridge_classifier + decision_tree + sgd_classifier,7,0.6553191489361702,0.8468085106382978,0.8,0.7404255319148936,1.0,0.6115702479338843,0.18666666666666668,1.0,0.5994123048668504
hard,random_forest + naive_bayes + logistic_regression + decision_tree + extra_trees + gradient_boosting + sgd_classifier,7,0.6553191489361702,0.8468085106382978,0.8,0.7404255319148936,1.0,0.591304347826087,0.2077922077922078,1.0,0.599698851872765
hard,random_forest + naive_bayes + ridge_classifier + decision_tree + extra_trees + gradient_boosting + sgd_classifier,7,0.6553191489361702,0.8468085106382978,0.8,0.7404255319148936,1.0,0.591304347826087,0.2077922077922078,1.0,0.599698851872765
soft,knn + svm + random_forest + naive_bayes + logistic_regression + decision_tree + extra_trees,7,0.6553191489361702,0.8468085106382978,0.7872340425531915,0.7531914893617021,1.0,0.5454545454545454,0.19444444444444445,1.0,0.5799663299663299
hard,random_forest + naive_bayes + logistic_regression + ridge_classifier + decision_tree + extra_trees + gradient_boosting + sgd_classifier,8,0.6553191489361702,0.8468085106382978,0.8,0.7404255319148936,1.0,0.591304347826087,0.2077922077922078,1.0,0.599698851872765
hard,random_forest + logistic_regression + extra_trees,3,0.6553191489361702,0.8453900709219858,0.7914893617021277,0.7446808510638298,1.0,0.5504587155963303,0.25,1.0,0.6001529051987767
soft,random_forest + naive_bayes + logistic_regression + decision_tree + extra_trees + gradient_boosting,6,0.6553191489361702,0.8453900709219858,0.7957446808510639,0.7404255319148936,1.0,0.5789473684210527,0.2077922077922078,1.0,0.5955798587377535
hard,random_forest + logistic_regression + decision_tree + extra_trees + sgd_classifier,5,0.6553191489361702,0.8439716312056738,0.7914893617021277,0.7404255319148936,1.0,0.5585585585585585,0.24691358024691357,1.0,0.6018240462684906
hard,svm + decision_tree,2,0.6510638297872341,0.8624113475177304,0.8170212765957446,0.774468085106383,0.9957446808510638,0.44155844155844154,0.0,0.9934640522875817,0.4783408312820077
soft,svm + random_forest + extra_trees + gradient_boosting,4,0.6510638297872341,0.8609929078014185,0.8127659574468085,0.7702127659574468,1.0,0.5217391304347826,0.03571428571428571,1.0,0.5191511387163561
hard,knn + svm + random_forest + decision_tree,4,0.6510638297872341,0.8581560283687942,0.8,0.7787234042553192,0.9957446808510638,0.43373493975903615,0.07142857142857142,0.9934640522875817,0.4995425211583964
hard,random_forest + naive_bayes + gradient_boosting + sgd_classifier,4,0.6510638297872341,0.8581560283687942,0.8085106382978723,0.7659574468085106,1.0,0.5631067961165048,0.09836065573770492,1.0,0.5538224839514032
hard,svm + random_forest + naive_bayes + sgd_classifier,4,0.6510638297872341,0.8567375886524822,0.8085106382978723,0.7659574468085106,0.9957446808510638,0.5544554455445545,0.09836065573770492,0.9934640522875817,0.5487600511899471
soft,knn + svm + decision_tree + extra_trees,4,0.6510638297872341,0.8567375886524822,0.8085106382978723,0.7659574468085106,0.9957446808510638,0.5161290322580645,0.15384615384615385,0.9934640522875817,0.5544797461306
soft,svm + naive_bayes + decision_tree + extra_trees + gradient_boosting,5,0.6510638297872341,0.8567375886524822,0.8127659574468085,0.7574468085106383,1.0,0.5416666666666666,0.12307692307692308,1.0,0.5549145299145298
soft,svm + decision_tree + extra_trees,3,0.6510638297872341,0.8553191489361702,0.8,0.7659574468085106,1.0,0.4946236559139785,0.2465753424657534,1.0,0.5803996661265773
hard,knn + random_forest + decision_tree + extra_trees + gradient_boosting + sgd_classifier,6,0.6510638297872341,0.8553191489361702,0.8042553191489362,0.7659574468085106,0.9957446808510638,0.5,0.06779661016949153,0.9934640522875817,0.5204202208190244
soft,knn + random_forest + naive_bayes + decision_tree + extra_trees + gradient_boosting,6,0.6510638297872341,0.8553191489361702,0.8085106382978723,0.7574468085106383,1.0,0.5263157894736842,0.14925373134328357,1.0,0.5585231736056558
soft,svm + random_forest + naive_bayes + decision_tree + extra_trees + gradient_boosting,6,0.6510638297872341,0.8553191489361702,0.8085106382978723,0.7574468085106383,1.0,0.5360824742268041,0.12307692307692308,1.0,0.5530531324345757
soft,knn + random_forest + naive_bayes + extra_trees + gradient_boosting,5,0.6510638297872341,0.8539007092198583,0.8042553191489362,0.7659574468085106,0.9914893617021276,0.5576923076923077,0.22535211267605634,0.9868421052631579,0.5899621752105073
soft,svm + random_forest + naive_bayes,3,0.6510638297872341,0.8539007092198582,0.8,0.7617021276595745,1.0,0.5436893203883495,0.15151515151515152,1.0,0.565068157301167
hard,naive_bayes + decision_tree + gradient_boosting + sgd_classifier,4,0.6510638297872341,0.8539007092198582,0.8085106382978723,0.7531914893617021,1.0,0.5714285714285714,0.09375,1.0,0.5550595238095238
soft,knn + random_forest + naive_bayes + extra_trees,4,0.6510638297872341,0.8539007092198582,0.8085106382978723,0.7617021276595745,0.9914893617021276,0.5714285714285714,0.2631578947368421,0.9868421052631579,0.6071428571428571
soft,knn + random_forest + naive_bayes + gradient_boosting,4,0.6510638297872341,0.8539007092198582,0.8042553191489362,0.7574468085106383,1.0,0.5660377358490566,0.19718309859154928,1.0,0.5877402781468687
soft,knn + svm + random_forest + decision_tree + extra_trees,5,0.6510638297872341,0.8539007092198582,0.8,0.7617021276595745,1.0,0.47191011235955055,0.125,1.0,0.5323033707865169
soft,random_forest + naive_bayes + decision_tree + extra_trees + gradient_boosting,5,0.6510638297872341,0.8539007092198582,0.8085106382978723,0.7531914893617021,1.0,0.5360824742268041,0.14705882352941177,1.0,0.561047099252072
hard,knn + random_forest + naive_bayes + decision_tree + gradient_boosting + sgd_classifier,6,0.6510638297872341,0.8539007092198582,0.7957446808510639,0.7659574468085106,1.0,0.5384615384615384,0.09836065573770492,1.0,0.5456073980664145
hard,knn + svm + random_forest + logistic_regression + decision_tree + extra_trees,6,0.6510638297872341,0.8539007092198582,0.8042553191489362,0.7617021276595745,0.9957446808510638,0.5106382978723404,0.06666666666666667,0.9934640522875817,0.5235896722755297
hard,svm + random_forest + naive_bayes + logistic_regression + extra_trees + sgd_classifier,6,0.6510638297872341,0.8539007092198582,0.8127659574468085,0.7531914893617021,0.9957446808510638,0.5769230769230769,0.21621621621621623,0.9934640522875817,0.595534448475625
soft,knn + svm + naive_bayes + decision_tree + extra_trees + gradient_boosting,6,0.6510638297872341,0.8539007092198582,0.8,0.7659574468085106,0.9957446808510638,0.5252525252525253,0.12698412698412698,0.9934640522875817,0.548566901508078
soft,knn + svm + random_forest + naive_bayes + extra_trees + sgd_classifier,6,0.6510638297872341,0.8539007092198582,0.8085106382978723,0.7574468085106383,0.9957446808510638,0.5871559633027523,0.2191780821917808,0.9934640522875817,0.5999326992607049
hard,svm + random_forest + logistic_regression,3,0.6510638297872341,0.8524822695035462,0.8,0.7574468085106383,1.0,0.6050420168067226,0.14925373134328357,1.0,0.5847652493833354
soft,svm + naive_bayes + gradient_boosting,3,0.6510638297872341,0.8524822695035462,0.7957446808510639,0.7617021276595745,1.0,0.5471698113207547,0.06666666666666667,1.0,0.5379454926624737
soft,knn + random_forest + decision_tree + sgd_classifier,4,0.6510638297872341,0.8524822695035462,0.8042553191489362,0.7531914893617021,1.0,0.5576923076923077,0.21621621621621623,1.0,0.5913028413028413
soft,svm + naive_bayes + gradient_boosting + sgd_classifier,4,0.6510638297872341,0.8524822695035462,0.8042553191489362,0.7531914893617021,1.0,0.5892857142857143,0.17142857142857143,1.0,0.5869047619047619
soft,knn + random_forest + naive_bayes + decision_tree + gradient_boosting,5,0.6510638297872341,0.8524822695035462,0.8042553191489362,0.7531914893617021,1.0,0.5306122448979592,0.14705882352941177,1.0,0.5592236894757904
hard,svm + logistic_regression + ridge_classifier + decision_tree + extra_trees + gradient_boosting + sgd_classifier,7,0.6510638297872341,0.8524822695035462,0.8,0.7574468085106383,1.0,0.624,0.24,1.0,0.6213333333333333
hard,random_forest + naive_bayes + decision_tree,3,0.6510638297872341,0.852482269503546,0.8127659574468085,0.7446808510638298,1.0,0.5319148936170213,0.1891891891891892,1.0,0.5737013609354035
soft,knn + svm + naive_bayes + gradient_boosting,4,0.6510638297872341,0.852482269503546,0.7957446808510639,0.7659574468085106,0.9957446808510638,0.5384615384615384,0.06779661016949153,0.9934640522875817,0.5332407336395373
soft,naive_bayes + decision_tree + extra_trees + gradient_boosting,4,0.6510638297872341,0.852482269503546,0.8085106382978723,0.7489361702127659,1.0,0.5454545454545454,0.16901408450704225,1.0,0.5714895433205293
hard,svm + random_forest + naive_bayes + extra_trees + sgd_classifier,5,0.6510638297872341,0.852482269503546,0.8085106382978723,0.7531914893617021,0.9957446808510638,0.5714285714285714,0.21621621621621623,0.9934640522875817,0.5937029466441232
soft,knn + random_forest + naive_bayes + gradient_boosting + sgd_classifier,5,0.6510638297872341,0.852482269503546,0.8127659574468085,0.7446808510638298,1.0,0.6140350877192983,0.25,1.0,0.6213450292397661
soft,svm + naive_bayes + logistic_regression + decision_tree + extra_trees + sgd_classifier,6,0.6510638297872341,0.852482269503546,0.8085106382978723,0.7489361702127659,1.0,0.6086956521739131,0.23376623376623376,1.0,0.6141539619800489
soft,knn + random_forest,2,0.6510638297872341,0.851063829787234,0.7957446808510639,0.7574468085106383,1.0,0.5294117647058824,0.14925373134328357,1.0,0.5595551653497219
hard,ridge_classifier + decision_tree + gradient_boosting,3,0.6510638297872341,0.851063829787234,0.8,0.7531914893617021,1.0,0.6178861788617886,0.21621621621621623,1.0,0.6113674650260016
soft,knn + random_forest + gradient_boosting,3,0.6510638297872341,0.851063829787234,0.7829787234042553,0.7702127659574468,1.0,0.5142857142857142,0.1,1.0,0.5380952380952381
soft,random_forest + decision_tree + extra_trees,3,0.6510638297872341,0.851063829787234,0.7872340425531915,0.7659574468085106,1.0,0.4791666666666667,0.26666666666666666,1.0,0.5819444444444445
soft,random_forest + naive_bayes + decision_tree,3,0.6510638297872341,0.851063829787234,0.7957446808510639,0.7574468085106383,1.0,0.5,0.24,1.0,0.58
hard,random_forest + naive_bayes + ridge_classifier + gradient_boosting,4,0.6510638297872341,0.851063829787234,0.8085106382978723,0.7574468085106383,0.9872340425531915,0.5871559633027523,0.12307692307692308,0.9801324503311258,0.5634551122369338
soft,svm + random_forest + logistic_regression + decision_tree,4,0.6510638297872341,0.851063829787234,0.8,0.7531914893617021,1.0,0.5688073394495413,0.21621621621621623,1.0,0.5950078518885858
hard,knn + logistic_regression + ridge_classifier + extra_trees + gradient_boosting,5,0.6510638297872341,0.851063829787234,0.8085106382978723,0.7531914893617021,0.9914893617021276,0.6511627906976745,0.2564102564102564,0.9868421052631579,0.6314717174570296
soft,knn + random_forest + decision_tree + gradient_boosting + sgd_classifier,5,0.6510638297872341,0.851063829787234,0.8,0.7531914893617021,1.0,0.5607476635514018,0.14705882352941177,1.0,0.5692688290269379
soft,svm + naive_bayes + decision_tree + extra_trees + sgd_classifier,5,0.6510638297872341,0.851063829787234,0.8,0.7531914893617021,1.0,0.5523809523809524,0.19444444444444445,1.0,0.5822751322751323
soft,knn + svm + naive_bayes + decision_tree + gradient_boosting + sgd_classifier,6,0.6510638297872341,0.851063829787234,0.7957446808510639,0.7574468085106383,1.0,0.5471698113207547,0.12307692307692308,1.0,0.5567489114658927
soft,knn + svm + random_forest + naive_bayes + logistic_regression + gradient_boosting,6,0.6510638297872341,0.851063829787234,0.8042553191489362,0.7489361702127659,1.0,0.5964912280701754,0.21333333333333335,1.0,0.6032748538011696
hard,knn + logistic_regression + ridge_classifier + decision_tree + extra_trees + gradient_boosting + sgd_classifier,7,0.6510638297872341,0.851063829787234,0.8,0.7531914893617021,1.0,0.6299212598425197,0.2564102564102564,1.0,0.6287771720842587
soft,knn + svm + random_forest + naive_bayes + decision_tree + gradient_boosting + sgd_classifier,7,0.6510638297872341,0.851063829787234,0.8,0.7531914893617021,1.0,0.5607476635514018,0.12121212121212122,1.0,0.560653261587841
soft,svm + naive_bayes + logistic_regression + decision_tree + extra_trees + gradient_boosting + sgd_classifier,7,0.6510638297872341,0.851063829787234,0.8042553191489362,0.7489361702127659,1.0,0.5964912280701754,0.21333333333333335,1.0,0.6032748538011696
soft,knn + svm + naive_bayes + sgd_classifier,4,0.6510638297872341,0.8510638297872339,0.8085106382978723,0.7489361702127659,0.9957446808510638,0.5945945945945946,0.1917808219178082,0.9934640522875817,0.5932798229333281
hard,svm + logistic_regression + decision_tree,3,0.6510638297872341,0.849645390070922,0.7914893617021277,0.7574468085106383,1.0,0.5882352941176471,0.2191780821917808,1.0,0.602471125436476
soft,naive_bayes + decision_tree + gradient_boosting,3,0.6510638297872341,0.849645390070922,0.7914893617021277,0.7574468085106383,1.0,0.5148514851485149,0.2191780821917808,1.0,0.5780098557800986
hard,svm + logistic_regression + ridge_classifier + decision_tree,4,0.6510638297872341,0.849645390070922,0.7914893617021277,0.7574468085106383,1.0,0.5882352941176471,0.2191780821917808,1.0,0.602471125436476
soft,knn + svm + logistic_regression + decision_tree,4,0.6510638297872341,0.849645390070922,0.7957446808510639,0.7531914893617021,1.0,0.5714285714285714,0.19444444444444445,1.0,0.5886243386243386
soft,logistic_regression + decision_tree + extra_trees + sgd_classifier,4,0.6510638297872341,0.849645390070922,0.7957446808510639,0.7531914893617021,1.0,0.6,0.30952380952380953,1.0,0.6365079365079365
hard,knn + random_forest + naive_bayes + decision_tree + extra_trees,5,0.6510638297872341,0.849645390070922,0.8127659574468085,0.7574468085106383,0.9787234042553191,0.5416666666666666,0.19718309859154928,0.9664429530201343,0.5684309060927834
hard,knn + svm + ridge_classifier + extra_trees + sgd_classifier,5,0.6510638297872341,0.849645390070922,0.8,0.7617021276595745,0.9872340425531915,0.584070796460177,0.24324324324324326,0.9801324503311258,0.6024821633448486
hard,svm + random_forest + naive_bayes + logistic_regression + extra_trees,5,0.6510638297872341,0.849645390070922,0.8,0.7489361702127659,1.0,0.5688073394495413,0.21333333333333335,1.0,0.594046890927625
soft,svm + naive_bayes + logistic_regression + decision_tree + gradient_boosting,5,0.6510638297872341,0.849645390070922,0.8,0.7489361702127659,1.0,0.584070796460177,0.14492753623188406,1.0,0.5763327775640203
hard,knn + svm + logistic_regression + ridge_classifier + extra_trees + sgd_classifier,6,0.6510638297872341,0.849645390070922,0.8,0.7617021276595745,0.9872340425531915,0.584070796460177,0.24324324324324326,0.9801324503311258,0.6024821633448486
hard,knn + svm + random_forest + ridge_classifier + extra_trees + sgd_classifier,6,0.6510638297872341,0.849645390070922,0.7957446808510639,0.7659574468085106,0.9872340425531915,0.5471698113207547,0.12698412698412698,0.9801324503311258,0.5514287962120025
soft,knn + logistic_regression + decision_tree + extra_trees + gradient_boosting + sgd_classifier,6,0.6510638297872341,0.849645390070922,0.7957446808510639,0.7531914893617021,1.0,0.5932203389830508,0.2564102564102564,1.0,0.6165435317977691
soft,knn + svm + random_forest + decision_tree + extra_trees + sgd_classifier,6,0.6510638297872341,0.849645390070922,0.7957446808510639,0.7531914893617021,1.0,0.5384615384615384,0.12121212121212122,1.0,0.5532245532245532
soft,knn + svm + random_forest + naive_bayes + logistic_regression + extra_trees,6,0.6510638297872341,0.849645390070922,0.8042553191489362,0.7489361702127659,0.9957446808510638,0.5892857142857143,0.23376623376623376,0.9934640522875817,0.6055053334465099
soft,svm + random_forest + naive_bayes + decision_tree + gradient_boosting + sgd_classifier,6,0.6510638297872341,0.849645390070922,0.7872340425531915,0.7617021276595745,1.0,0.5283018867924528,0.15151515151515152,1.0,0.5599390127692014
hard,svm + random_forest + naive_bayes + logistic_regression + ridge_classifier + decision_tree + gradient_boosting,7,0.6510638297872341,0.849645390070922,0.8042553191489362,0.7446808510638298,1.0,0.6229508196721312,0.1891891891891892,1.0,0.6040466696204402
soft,knn + random_forest + logistic_regression + decision_tree + extra_trees + gradient_boosting + sgd_classifier,7,0.6510638297872341,0.849645390070922,0.8,0.7489361702127659,1.0,0.5982905982905983,0.23376623376623376,1.0,0.6106856106856107
soft,knn + svm + random_forest + logistic_regression + extra_trees + gradient_boosting + sgd_classifier,7,0.6510638297872341,0.849645390070922,0.8,0.7489361702127659,1.0,0.5982905982905983,0.23376623376623376,1.0,0.6106856106856107
soft,knn + svm + random_forest + naive_bayes + decision_tree + extra_trees + sgd_classifier,7,0.6510638297872341,0.849645390070922,0.7957446808510639,0.7531914893617021,1.0,0.5384615384615384,0.14705882352941177,1.0,0.5618401206636501
hard,knn + random_forest + naive_bayes + ridge_classifier + decision_tree + extra_trees + gradient_boosting + sgd_classifier,8,0.6510638297872341,0.849645390070922,0.7957446808510639,0.7617021276595745,0.9914893617021276,0.5555555555555556,0.17647058823529413,0.9868421052631579,0.5729560830180026
soft,knn + svm + random_forest + naive_bayes + logistic_regression + extra_trees + gradient_boosting + sgd_classifier,8,0.6510638297872341,0.849645390070922,0.8042553191489362,0.7446808510638298,1.0,0.603448275862069,0.23076923076923078,1.0,0.6114058355437666
hard,knn + random_forest + logistic_regression,3,0.6510638297872341,0.8482269503546099,0.7957446808510639,0.7489361702127659,1.0,0.5862068965517241,0.1917808219178082,1.0,0.5926625728231775
hard,random_forest + ridge_classifier + decision_tree,3,0.6510638297872341,0.8482269503546099,0.8,0.7446808510638298,1.0,0.5523809523809524,0.25,1.0,0.6007936507936508
soft,knn + decision_tree + extra_trees + gradient_boosting,4,0.6510638297872341,0.8482269503546099,0.7914893617021277,0.7531914893617021,1.0,0.4731182795698925,0.17142857142857143,1.0,0.5481822836661546
soft,knn + random_forest + decision_tree + gradient_boosting,4,0.6510638297872341,0.8482269503546099,0.7914893617021277,0.7531914893617021,1.0,0.4731182795698925,0.14705882352941177,1.0,0.5400590343664348
soft,naive_bayes + decision_tree + gradient_boosting + sgd_classifier,4,0.6510638297872341,0.8482269503546099,0.8,0.7446808510638298,1.0,0.584070796460177,0.21052631578947367,1.0,0.5981990374165502
soft,svm + logistic_regression + decision_tree + gradient_boosting,4,0.6510638297872341,0.8482269503546099,0.7872340425531915,0.7574468085106383,1.0,0.5614035087719298,0.2191780821917808,1.0,0.5935271969879036
soft,svm + naive_bayes + extra_trees + sgd_classifier,4,0.6510638297872341,0.8482269503546099,0.8127659574468085,0.7404255319148936,0.9914893617021276,0.6,0.18666666666666668,0.9868421052631579,0.5911695906432749
soft,svm + naive_bayes + logistic_regression + extra_trees,4,0.6510638297872341,0.8482269503546099,0.7957446808510639,0.7574468085106383,0.9914893617021276,0.5862068965517241,0.2962962962962963,0.9868421052631579,0.6231150993703928
hard,knn + naive_bayes + extra_trees + gradient_boosting + sgd_classifier,5,0.6510638297872341,0.8482269503546099,0.8085106382978723,0.7617021276595745,0.9744680851063829,0.5945945945945946,0.2,0.9594594594594594,0.5846846846846847
hard,knn + random_forest + decision_tree + extra_trees + sgd_classifier,5,0.6510638297872341,0.8482269503546099,0.7872340425531915,0.7617021276595745,0.9957446808510638,0.4897959183673469,0.17647058823529413,0.9934640522875817,0.5532435196300742
hard,knn + svm + naive_bayes + logistic_regression + extra_trees,5,0.6510638297872341,0.8482269503546099,0.8085106382978723,0.7617021276595745,0.9744680851063829,0.5945945945945946,0.2222222222222222,0.9594594594594594,0.5920920920920921
hard,knn + svm + random_forest + logistic_regression + ridge_classifier,5,0.6510638297872341,0.8482269503546099,0.7957446808510639,0.7489361702127659,1.0,0.6065573770491803,0.1917808219178082,1.0,0.5994460663223294
hard,random_forest + naive_bayes + decision_tree + extra_trees + sgd_classifier,5,0.6510638297872341,0.8482269503546099,0.8042553191489362,0.7404255319148936,1.0,0.54,0.2077922077922078,1.0,0.5825974025974027
soft,svm + random_forest + naive_bayes + logistic_regression + extra_trees,5,0.6510638297872341,0.8482269503546099,0.7914893617021277,0.7531914893617021,1.0,0.5663716814159292,0.275,1.0,0.6137905604719763
hard,knn + naive_bayes + logistic_regression + extra_trees + gradient_boosting + sgd_classifier,6,0.6510638297872341,0.8482269503546099,0.8085106382978723,0.7617021276595745,0.9744680851063829,0.5945945945945946,0.2,0.9594594594594594,0.5846846846846847
soft,svm + random_forest + logistic_regression + decision_tree + gradient_boosting + sgd_classifier,6,0.6510638297872341,0.8482269503546099,0.8,0.7446808510638298,1.0,0.591304347826087,0.16666666666666666,1.0,0.5859903381642512
soft,svm + random_forest + naive_bayes + logistic_regression + decision_tree + sgd_classifier,6,0.6510638297872341,0.8482269503546099,0.8085106382978723,0.7361702127659574,1.0,0.6153846153846154,0.20512820512820512,1.0,0.6068376068376068
hard,knn + svm + random_forest + naive_bayes + logistic_regression + ridge_classifier + extra_trees,7,0.6510638297872341,0.8482269503546099,0.8,0.7531914893617021,0.9914893617021276,0.5982905982905983,0.23684210526315788,0.9868421052631579,0.6073249362723047
hard,knn + random_forest + naive_bayes + ridge_classifier + decision_tree + gradient_boosting,6,0.6510638297872341,0.846808510638298,0.7957446808510639,0.7574468085106383,0.9872340425531915,0.5555555555555556,0.09523809523809523,0.9801324503311258,0.5436420337082589
hard,random_forest + ridge_classifier + decision_tree + sgd_classifier,4,0.6510638297872341,0.8468085106382978,0.7957446808510639,0.7446808510638298,1.0,0.5102040816326531,0.14285714285714285,1.0,0.5510204081632654
soft,knn + svm + random_forest + logistic_regression,4,0.6510638297872341,0.8468085106382978,0.7957446808510639,0.7446808510638298,1.0,0.5932203389830508,0.21052631578947367,1.0,0.6012488849241748
hard,knn + random_forest + logistic_regression + decision_tree + sgd_classifier,5,0.6510638297872341,0.8468085106382978,0.8,0.7404255319148936,1.0,0.5982905982905983,0.18666666666666668,1.0,0.594985754985755
hard,knn + random_forest + ridge_classifier + decision_tree + extra_trees,5,0.6510638297872341,0.8468085106382978,0.7957446808510639,0.7531914893617021,0.9914893617021276,0.5294117647058824,0.19444444444444445,0.9868421052631579,0.5702327714711616
hard,knn + svm + naive_bayes + ridge_classifier + extra_trees,5,0.6510638297872341,0.8468085106382978,0.8085106382978723,0.7617021276595745,0.9702127659574468,0.5945945945945946,0.2222222222222222,0.9523809523809523,0.5897325897325897
soft,knn + random_forest + logistic_regression + extra_trees + gradient_boosting,5,0.6510638297872341,0.8468085106382978,0.7957446808510639,0.7446808510638298,1.0,0.5932203389830508,0.2682926829268293,1.0,0.6205043406366267
hard,knn + naive_bayes + ridge_classifier + extra_trees + gradient_boosting + sgd_classifier,6,0.6510638297872341,0.8468085106382978,0.8085106382978723,0.7617021276595745,0.9702127659574468,0.5945945945945946,0.2,0.9523809523809523,0.5823251823251824
hard,knn + svm + naive_bayes + logistic_regression + ridge_classifier + extra_trees,6,0.6510638297872341,0.8468085106382978,0.8085106382978723,0.7617021276595745,0.9702127659574468,0.5945945945945946,0.2222222222222222,0.9523809523809523,0.5897325897325897
soft,knn + svm + random_forest + logistic_regression + decision_tree + extra_trees,6,0.6510638297872341,0.8468085106382978,0.7957446808510639,0.7446808510638298,1.0,0.5555555555555556,0.14285714285714285,1.0,0.5661375661375662
soft,svm + logistic_regression + decision_tree + extra_trees + gradient_boosting + sgd_classifier,6,0.6510638297872341,0.8468085106382978,0.7957446808510639,0.7446808510638298,1.0,0.5862068965517241,0.16666666666666666,1.0,0.5842911877394635
hard,knn + random_forest + logistic_regression + ridge_classifier + decision_tree + gradient_boosting + sgd_classifier,7,0.6510638297872341,0.8468085106382978,0.8,0.7404255319148936,1.0,0.6299212598425197,0.18666666666666668,1.0,0.6055293088363954
hard,knn + random_forest + naive_bayes + logistic_regression + ridge_classifier + extra_trees + gradient_boosting,7,0.6510638297872341,0.8468085106382978,0.7957446808510639,0.7531914893617021,0.9914893617021276,0.5932203389830508,0.23684210526315788,0.9868421052631579,0.6056348498364555
soft,knn + random_forest + naive_bayes + logistic_regression + decision_tree + extra_trees + sgd_classifier,7,0.6510638297872341,0.8468085106382978,0.8,0.7404255319148936,1.0,0.5982905982905983,0.24691358024691357,1.0,0.6150680595125039
soft,knn + svm + random_forest + naive_bayes + logistic_regression + decision_tree + gradient_boosting + sgd_classifier,8,0.6510638297872341,0.8468085106382978,0.7957446808510639,0.7446808510638298,1.0,0.5789473684210527,0.1891891891891892,1.0,0.5893788525367473
soft,extra_trees + sgd_classifier,2,0.6510638297872341,0.8453900709219858,0.8,0.7404255319148936,0.9957446808510638,0.5982905982905983,0.3146067415730337,0.9934640522875817,0.6354537973837379
hard,random_forest + ridge_classifier + decision_tree + gradient_boosting + sgd_classifier,5,0.6510638297872341,0.8453900709219858,0.7914893617021277,0.7446808510638298,1.0,0.608,0.14285714285714285,1.0,0.5836190476190476
soft,knn + random_forest + naive_bayes + logistic_regression + decision_tree,5,0.6510638297872341,0.8453900709219858,0.7914893617021277,0.7446808510638298,1.0,0.5811965811965812,0.25,1.0,0.6103988603988605
hard,random_forest + logistic_regression + ridge_classifier + decision_tree + gradient_boosting + sgd_classifier,6,0.6510638297872341,0.8453900709219858,0.7914893617021277,0.7446808510638298,1.0,0.608,0.14285714285714285,1.0,0.5836190476190476
hard,svm + random_forest + logistic_regression + ridge_classifier + decision_tree + gradient_boosting + sgd_classifier,7,0.6510638297872341,0.8453900709219858,0.7914893617021277,0.7446808510638298,1.0,0.6141732283464567,0.14285714285714285,1.0,0.5856767904011998
hard,random_forest + ridge_classifier + decision_tree + extra_trees + sgd_classifier,5,0.6510638297872341,0.8425531914893617,0.7872340425531915,0.7404255319148936,1.0,0.5454545454545454,0.24691358024691357,1.0,0.5974560419004863
hard,random_forest + decision_tree,2,0.6468085106382979,0.8567375886524823,0.8042553191489362,0.7659574468085106,1.0,0.425,0.09836065573770492,1.0,0.5077868852459017
soft,svm + naive_bayes + decision_tree,3,0.6468085106382979,0.8553191489361702,0.8,0.7659574468085106,1.0,0.5436893203883495,0.22535211267605634,1.0,0.5896804776881353
hard,knn + svm + random_forest + decision_tree + extra_trees + sgd_classifier,6,0.6468085106382979,0.8553191489361702,0.8042553191489362,0.7659574468085106,0.9957446808510638,0.4888888888888889,0.06779661016949153,0.9934640522875817,0.5167165171153206
hard,random_forest + naive_bayes + decision_tree + extra_trees,4,0.6468085106382979,0.8539007092198582,0.8297872340425532,0.7574468085106383,0.9744680851063829,0.5348837209302325,0.17391304347826086,0.9594594594594594,0.5560854079559843
hard,random_forest + naive_bayes + decision_tree + sgd_classifier,4,0.6468085106382979,0.8539007092198582,0.8127659574468085,0.7489361702127659,1.0,0.5,0.14492753623188406,1.0,0.5483091787439613
soft,random_forest + naive_bayes + decision_tree + extra_trees,4,0.6468085106382979,0.8539007092198582,0.8170212765957446,0.7446808510638298,1.0,0.5567010309278351,0.1891891891891892,1.0,0.5819634067056748
hard,knn + random_forest + ridge_classifier + decision_tree + extra_trees + gradient_boosting,6,0.6468085106382979,0.8539007092198582,0.8085106382978723,0.7617021276595745,0.9914893617021276,0.5263157894736842,0.06666666666666667,0.9868421052631579,0.5266081871345029
soft,knn + svm + random_forest + naive_bayes + decision_tree + gradient_boosting,6,0.6468085106382979,0.8539007092198582,0.8042553191489362,0.7574468085106383,1.0,0.5306122448979592,0.12307692307692308,1.0,0.5512297226582942
soft,logistic_regression + decision_tree + extra_trees,3,0.6468085106382979,0.8524822695035462,0.8,0.7574468085106383,1.0,0.5523809523809524,0.2962962962962963,1.0,0.6162257495590829
soft,naive_bayes + decision_tree + extra_trees,3,0.6468085106382979,0.8524822695035462,0.8042553191489362,0.7617021276595745,0.9914893617021276,0.5306122448979592,0.2631578947368421,0.9868421052631579,0.5935374149659864
soft,knn + svm + naive_bayes + decision_tree + gradient_boosting,5,0.6468085106382979,0.8524822695035462,0.7914893617021277,0.7659574468085106,1.0,0.5050505050505051,0.15384615384615385,1.0,0.5529655529655529
soft,svm + random_forest + naive_bayes + decision_tree + gradient_boosting,5,0.6468085106382979,0.8524822695035462,0.7957446808510639,0.7617021276595745,1.0,0.52,0.15151515151515152,1.0,0.5571717171717171
soft,svm + naive_bayes + sgd_classifier,3,0.6468085106382979,0.852482269503546,0.8085106382978723,0.7489361702127659,1.0,0.5945945945945946,0.23376623376623376,1.0,0.6094536094536095
soft,svm + naive_bayes + extra_trees + gradient_boosting,4,0.6468085106382979,0.852482269503546,0.8,0.7617021276595745,0.9957446808510638,0.5346534653465347,0.0967741935483871,0.9934640522875817,0.5416305703941678
hard,knn + svm + random_forest + naive_bayes + decision_tree + sgd_classifier,6,0.6468085106382979,0.852482269503546,0.7957446808510639,0.7659574468085106,0.9957446808510638,0.5294117647058824,0.09836065573770492,0.9934640522875817,0.5404121575770563
hard,logistic_regression + decision_tree,2,0.6468085106382979,0.851063829787234,0.7957446808510639,0.7574468085106383,1.0,0.4666666666666667,0.2191780821917808,1.0,0.5619482496194825
hard,svm + random_forest + ridge_classifier,3,0.6468085106382979,0.851063829787234,0.7957446808510639,0.7574468085106383,1.0,0.5932203389830508,0.14925373134328357,1.0,0.5808246901087781
hard,random_forest + naive_bayes + logistic_regression + decision_tree,4,0.6468085106382979,0.851063829787234,0.8085106382978723,0.7446808510638298,1.0,0.5161290322580645,0.1891891891891892,1.0,0.5684394071490846
hard,svm + naive_bayes + decision_tree + sgd_classifier,4,0.6468085106382979,0.851063829787234,0.8042553191489362,0.7531914893617021,0.9957446808510638,0.5490196078431373,0.09375,0.9934640522875817,0.545411220043573
hard,svm + random_forest + logistic_regression + ridge_classifier,4,0.6468085106382979,0.851063829787234,0.7957446808510639,0.7574468085106383,1.0,0.5932203389830508,0.14925373134328357,1.0,0.5808246901087781
hard,svm + random_forest + naive_bayes + ridge_classifier,4,0.6468085106382979,0.851063829787234,0.8085106382978723,0.7574468085106383,0.9872340425531915,0.5794392523364486,0.12307692307692308,0.9801324503311258,0.5608828752481658
soft,random_forest + naive_bayes + decision_tree + sgd_classifier,4,0.6468085106382979,0.851063829787234,0.8,0.7531914893617021,1.0,0.5688073394495413,0.2564102564102564,1.0,0.6084058652865992
soft,svm + random_forest + naive_bayes + gradient_boosting,4,0.6468085106382979,0.851063829787234,0.7914893617021277,0.7617021276595745,1.0,0.5242718446601942,0.0967741935483871,1.0,0.5403486794028605
soft,svm + random_forest + naive_bayes + sgd_classifier,4,0.6468085106382979,0.851063829787234,0.8170212765957446,0.7361702127659574,1.0,0.6194690265486725,0.18421052631578946,1.0,0.6012265176214874
hard,svm + naive_bayes + decision_tree + extra_trees + sgd_classifier,5,0.6468085106382979,0.851063829787234,0.8042553191489362,0.7531914893617021,0.9957446808510638,0.5660377358490566,0.19444444444444445,0.9934640522875817,0.5846487441936943
soft,knn + naive_bayes + decision_tree + extra_trees + gradient_boosting,5,0.6468085106382979,0.851063829787234,0.8042553191489362,0.7531914893617021,0.9957446808510638,0.5306122448979592,0.14705882352941177,0.9934640522875817,0.5570450402383176
soft,knn + random_forest + decision_tree + extra_trees + sgd_classifier,5,0.6468085106382979,0.851063829787234,0.8,0.7531914893617021,1.0,0.5436893203883495,0.17142857142857143,1.0,0.5717059639389737
soft,knn + svm + random_forest + extra_trees + gradient_boosting,5,0.6468085106382979,0.851063829787234,0.7872340425531915,0.7659574468085106,1.0,0.4897959183673469,0.03508771929824561,1.0,0.5082945458885308
hard,svm + naive_bayes + logistic_regression + decision_tree + extra_trees + sgd_classifier,6,0.6468085106382979,0.851063829787234,0.8042553191489362,0.7531914893617021,0.9957446808510638,0.5660377358490566,0.19444444444444445,0.9934640522875817,0.5846487441936943
soft,naive_bayes + logistic_regression + decision_tree + extra_trees + gradient_boosting + sgd_classifier,6,0.6468085106382979,0.851063829787234,0.8085106382978723,0.7446808510638298,1.0,0.6153846153846154,0.2682926829268293,1.0,0.6278924327704816
soft,knn + svm + naive_bayes + decision_tree + extra_trees + gradient_boosting + sgd_classifier,7,0.6468085106382979,0.851063829787234,0.7957446808510639,0.7574468085106383,1.0,0.5294117647058824,0.12307692307692308,1.0,0.5508295625942684
soft,decision_tree + extra_trees + gradient_boosting,3,0.6468085106382979,0.849645390070922,0.7872340425531915,0.7617021276595745,1.0,0.4791666666666667,0.2631578947368421,1.0,0.5807748538011696
soft,naive_bayes + decision_tree + sgd_classifier,3,0.6468085106382979,0.849645390070922,0.8,0.7489361702127659,1.0,0.591304347826087,0.2716049382716049,1.0,0.6209697620325639
soft,random_forest + naive_bayes + gradient_boosting,3,0.6468085106382979,0.849645390070922,0.8042553191489362,0.7446808510638298,1.0,0.5576923076923077,0.1891891891891892,1.0,0.5822938322938324
hard,svm + naive_bayes + ridge_classifier + decision_tree,4,0.6468085106382979,0.849645390070922,0.8085106382978723,0.7531914893617021,0.9872340425531915,0.5794392523364486,0.12121212121212122,0.9801324503311258,0.5602612746265652
soft,knn + decision_tree + extra_trees + sgd_classifier,4,0.6468085106382979,0.849645390070922,0.7914893617021277,0.7574468085106383,1.0,0.5333333333333333,0.24,1.0,0.5911111111111111
soft,knn + decision_tree + gradient_boosting + sgd_classifier,4,0.6468085106382979,0.849645390070922,0.8,0.7489361702127659,1.0,0.5688073394495413,0.16901408450704225,1.0,0.5792738079855279
soft,knn + random_forest + gradient_boosting + sgd_classifier,4,0.6468085106382979,0.849645390070922,0.8,0.7489361702127659,1.0,0.5982905982905983,0.1917808219178082,1.0,0.5966904734028021
hard,knn + random_forest + naive_bayes + extra_trees + gradient_boosting,5,0.6468085106382979,0.849645390070922,0.8042553191489362,0.7659574468085106,0.9787234042553191,0.5660377358490566,0.15384615384615385,0.9664429530201343,0.5621089475717816
soft,knn + naive_bayes + extra_trees + gradient_boosting + sgd_classifier,5,0.6468085106382979,0.849645390070922,0.8042553191489362,0.7489361702127659,0.9957446808510638,0.5964912280701754,0.23376623376623376,0.9934640522875817,0.6079071713746637
soft,svm + logistic_regression + extra_trees + gradient_boosting + sgd_classifier,5,0.6468085106382979,0.849645390070922,0.7914893617021277,0.7574468085106383,1.0,0.6016260162601627,0.2962962962962963,1.0,0.632640770852153
hard,knn + random_forest + naive_bayes + logistic_regression + extra_trees + gradient_boosting,6,0.6468085106382979,0.849645390070922,0.8042553191489362,0.7659574468085106,0.9787234042553191,0.5660377358490566,0.15384615384615385,0.9664429530201343,0.5621089475717816
hard,naive_bayes + ridge_classifier + decision_tree + extra_trees + gradient_boosting + sgd_classifier,6,0.6468085106382979,0.849645390070922,0.8042553191489362,0.7531914893617021,0.9914893617021276,0.5818181818181818,0.19444444444444445,0.9868421052631579,0.5877015771752614
hard,random_forest + naive_bayes + ridge_classifier + extra_trees + gradient_boosting + sgd_classifier,6,0.6468085106382979,0.849645390070922,0.8042553191489362,0.7531914893617021,0.9914893617021276,0.5740740740740741,0.21621621621621623,0.9868421052631579,0.5923774651844828
soft,knn + random_forest + decision_tree + extra_trees + gradient_boosting + sgd_classifier,6,0.6468085106382979,0.849645390070922,0.7914893617021277,0.7574468085106383,1.0,0.5333333333333333,0.14925373134328357,1.0,0.5608623548922056
soft,svm + naive_bayes + decision_tree + extra_trees + gradient_boosting + sgd_classifier,6,0.6468085106382979,0.849645390070922,0.7957446808510639,0.7531914893617021,1.0,0.5384615384615384,0.14705882352941177,1.0,0.5618401206636501
soft,knn + svm + random_forest + naive_bayes + decision_tree + extra_trees + gradient_boosting + sgd_classifier,8,0.6468085106382979,0.849645390070922,0.7914893617021277,0.7574468085106383,1.0,0.5242718446601942,0.12307692307692308,1.0,0.5491162559123725
hard,knn + decision_tree + sgd_classifier,3,0.6468085106382979,0.8482269503546099,0.7957446808510639,0.7531914893617021,0.9957446808510638,0.5636363636363636,0.17142857142857143,0.9934640522875817,0.5761763291175056
hard,svm + ridge_classifier + decision_tree,3,0.6468085106382979,0.8482269503546099,0.7914893617021277,0.7531914893617021,1.0,0.5882352941176471,0.21621621621621623,1.0,0.6014838367779545
soft,knn + decision_tree + gradient_boosting,3,0.6468085106382979,0.8482269503546099,0.7872340425531915,0.7574468085106383,1.0,0.4791666666666667,0.24,1.0,0.5730555555555555
hard,knn + logistic_regression + decision_tree + sgd_classifier,4,0.6468085106382979,0.8482269503546099,0.7957446808510639,0.7531914893617021,0.9957446808510638,0.5636363636363636,0.17142857142857143,0.9934640522875817,0.5761763291175056
hard,knn + svm + extra_trees + sgd_classifier,4,0.6468085106382979,0.8482269503546099,0.8127659574468085,0.7702127659574468,0.9617021276595744,0.5686274509803921,0.1,0.9379310344827586,0.5355194951543836
hard,random_forest + logistic_regression + ridge_classifier + decision_tree,4,0.6468085106382979,0.8482269503546099,0.7957446808510639,0.7489361702127659,1.0,0.5384615384615384,0.25316455696202533,1.0,0.5972086984745212
hard,ridge_classifier + decision_tree + extra_trees + sgd_classifier,4,0.6468085106382979,0.8482269503546099,0.8,0.7574468085106383,0.9872340425531915,0.5346534653465347,0.24,0.9801324503311258,0.5849286385592202
soft,random_forest + naive_bayes + decision_tree + gradient_boosting,4,0.6468085106382979,0.8482269503546099,0.7957446808510639,0.7489361702127659,1.0,0.5,0.14492753623188406,1.0,0.5483091787439613
hard,knn + logistic_regression + decision_tree + extra_trees + sgd_classifier,5,0.6468085106382979,0.8482269503546099,0.7957446808510639,0.7531914893617021,0.9957446808510638,0.5932203389830508,0.2564102564102564,0.9934640522875817,0.6143648825602963
hard,knn + svm + naive_bayes + extra_trees + sgd_classifier,5,0.6468085106382979,0.8482269503546099,0.8085106382978723,0.7617021276595745,0.9744680851063829,0.5871559633027523,0.2,0.9594594594594594,0.5822051409207373
hard,random_forest + naive_bayes + decision_tree + gradient_boosting + sgd_classifier,5,0.6468085106382979,0.8482269503546099,0.7957446808510639,0.7489361702127659,1.0,0.5714285714285714,0.14492753623188406,1.0,0.5721187025534852
soft,knn + decision_tree + extra_trees + gradient_boosting + sgd_classifier,5,0.6468085106382979,0.8482269503546099,0.7914893617021277,0.7531914893617021,1.0,0.5420560747663551,0.14705882352941177,1.0,0.5630382994319223
soft,knn + svm + naive_bayes + decision_tree + sgd_classifier,5,0.6468085106382979,0.8482269503546099,0.7957446808510639,0.7489361702127659,1.0,0.5471698113207547,0.14492753623188406,1.0,0.5640324491842129
soft,knn + svm + random_forest + naive_bayes + gradient_boosting,5,0.6468085106382979,0.8482269503546099,0.7872340425531915,0.7574468085106383,1.0,0.5192307692307693,0.03389830508474576,1.0,0.517709691438505
soft,logistic_regression + decision_tree + extra_trees + gradient_boosting + sgd_classifier,5,0.6468085106382979,0.8482269503546099,0.7914893617021277,0.7531914893617021,1.0,0.5882352941176471,0.2926829268292683,1.0,0.6269727403156384
soft,svm + random_forest + logistic_regression + decision_tree + gradient_boosting,5,0.6468085106382979,0.8482269503546099,0.7957446808510639,0.7489361702127659,1.0,0.5471698113207547,0.14492753623188406,1.0,0.5640324491842129
soft,svm + random_forest + naive_bayes + decision_tree + sgd_classifier,5,0.6468085106382979,0.8482269503546099,0.7957446808510639,0.7489361702127659,1.0,0.5471698113207547,0.16901408450704225,1.0,0.5720612986092656
soft,svm + random_forest + naive_bayes + logistic_regression + decision_tree,5,0.6468085106382979,0.8482269503546099,0.8042553191489362,0.7404255319148936,1.0,0.5892857142857143,0.18666666666666668,1.0,0.591984126984127
soft,svm + random_forest + naive_bayes + logistic_regression + gradient_boosting,5,0.6468085106382979,0.8482269503546099,0.8085106382978723,0.7361702127659574,1.0,0.6086956521739131,0.20512820512820512,1.0,0.6046079524340394
hard,knn + random_forest + logistic_regression + decision_tree + extra_trees + sgd_classifier,6,0.6468085106382979,0.8482269503546099,0.7872340425531915,0.7617021276595745,0.9957446808510638,0.4791666666666667,0.17647058823529413,0.9934640522875817,0.5497004357298475
hard,knn + random_forest + naive_bayes + logistic_regression + decision_tree + extra_trees,6,0.6468085106382979,0.8482269503546099,0.8085106382978723,0.7574468085106383,0.9787234042553191,0.5263157894736842,0.19718309859154928,0.9664429530201343,0.5633139470284559
hard,knn + random_forest + naive_bayes + ridge_classifier + extra_trees + gradient_boosting,6,0.6468085106382979,0.8482269503546099,0.8042553191489362,0.7659574468085106,0.9744680851063829,0.5660377358490566,0.15384615384615385,0.9594594594594594,0.5597811163848899
hard,knn + svm + naive_bayes + logistic_regression + extra_trees + sgd_classifier,6,0.6468085106382979,0.8482269503546099,0.8085106382978723,0.7617021276595745,0.9744680851063829,0.5871559633027523,0.2,0.9594594594594594,0.5822051409207373
hard,knn + svm + random_forest + naive_bayes + ridge_classifier + decision_tree,6,0.6468085106382979,0.8482269503546099,0.8,0.7574468085106383,0.9872340425531915,0.5523809523809524,0.09523809523809523,0.9801324503311258,0.5425838326500578
hard,random_forest + naive_bayes + logistic_regression + decision_tree + extra_trees + sgd_classifier,6,0.6468085106382979,0.8482269503546099,0.8042553191489362,0.7404255319148936,1.0,0.5306122448979592,0.2077922077922078,1.0,0.5794681508967223
hard,random_forest + naive_bayes + logistic_regression + decision_tree + gradient_boosting + sgd_classifier,6,0.6468085106382979,0.8482269503546099,0.7957446808510639,0.7489361702127659,1.0,0.5714285714285714,0.14492753623188406,1.0,0.5721187025534852
hard,random_forest + naive_bayes + ridge_classifier + decision_tree + gradient_boosting + sgd_classifier,6,0.6468085106382979,0.8482269503546099,0.7957446808510639,0.7489361702127659,1.0,0.5714285714285714,0.14492753623188406,1.0,0.5721187025534852
soft,knn + random_forest + logistic_regression + decision_tree + extra_trees + sgd_classifier,6,0.6468085106382979,0.8482269503546099,0.8,0.7446808510638298,1.0,0.5982905982905983,0.2682926829268293,1.0,0.6221944270724759
soft,knn + random_forest + naive_bayes + logistic_regression + extra_trees + gradient_boosting,6,0.6468085106382979,0.8482269503546099,0.8042553191489362,0.7404255319148936,1.0,0.5964912280701754,0.26506024096385544,1.0,0.620517156344677
soft,knn + svm + naive_bayes + decision_tree + extra_trees + sgd_classifier,6,0.6468085106382979,0.8482269503546099,0.8,0.7489361702127659,0.9957446808510638,0.5523809523809524,0.14492753623188406,0.9934640522875817,0.5635908469668061
soft,svm + naive_bayes + logistic_regression + decision_tree + gradient_boosting + sgd_classifier,6,0.6468085106382979,0.8482269503546099,0.8085106382978723,0.7361702127659574,1.0,0.6153846153846154,0.18421052631578946,1.0,0.5998650472334682
soft,svm + random_forest + naive_bayes + logistic_regression + decision_tree + gradient_boosting,6,0.6468085106382979,0.8482269503546099,0.8,0.7446808510638298,1.0,0.5765765765765766,0.14285714285714285,1.0,0.5731445731445731
hard,knn + svm + random_forest + naive_bayes + ridge_classifier + decision_tree + extra_trees + sgd_classifier,8,0.6468085106382979,0.8482269503546099,0.7957446808510639,0.7617021276595745,0.9872340425531915,0.5471698113207547,0.17647058823529413,0.9801324503311258,0.5679242832957249
hard,knn + random_forest + decision_tree,3,0.6468085106382979,0.8468085106382978,0.7872340425531915,0.7531914893617021,1.0,0.45652173913043476,0.09375,1.0,0.5167572463768116
hard,svm + naive_bayes + sgd_classifier,3,0.6468085106382979,0.8468085106382978,0.8212765957446808,0.723404255319149,0.9957446808510638,0.6181818181818182,0.25287356321839083,0.9934640522875817,0.6215064778959302
hard,svm + naive_bayes + logistic_regression + sgd_classifier,4,0.6468085106382979,0.8468085106382978,0.8212765957446808,0.723404255319149,0.9957446808510638,0.6181818181818182,0.25287356321839083,0.9934640522875817,0.6215064778959302
soft,knn + logistic_regression + extra_trees + gradient_boosting,4,0.6468085106382979,0.8468085106382978,0.7957446808510639,0.7446808510638298,1.0,0.6129032258064516,0.2682926829268293,1.0,0.6270653029110936
soft,naive_bayes + logistic_regression + decision_tree + gradient_boosting,4,0.6468085106382979,0.8468085106382978,0.8,0.7404255319148936,1.0,0.5982905982905983,0.24691358024691357,1.0,0.6150680595125039
soft,random_forest + decision_tree + extra_trees + gradient_boosting,4,0.6468085106382979,0.8468085106382978,0.7914893617021277,0.7489361702127659,1.0,0.4842105263157895,0.16901408450704225,1.0,0.5510748702742773
hard,random_forest + logistic_regression + ridge_classifier + decision_tree + extra_trees,5,0.6468085106382979,0.8468085106382978,0.7957446808510639,0.7446808510638298,1.0,0.5862068965517241,0.3181818181818182,1.0,0.6347962382445141
hard,random_forest + naive_bayes + logistic_regression + decision_tree + extra_trees,5,0.6468085106382979,0.8468085106382978,0.8,0.7404255319148936,1.0,0.5523809523809524,0.22784810126582278,1.0,0.5934096845489251
hard,svm + naive_bayes + ridge_classifier + decision_tree + extra_trees,5,0.6468085106382979,0.8468085106382978,0.8,0.7489361702127659,0.9914893617021276,0.584070796460177,0.23376623376623376,0.9868421052631579,0.6015597118298562
soft,knn + svm + logistic_regression + decision_tree + gradient_boosting,5,0.6468085106382979,0.8468085106382978,0.7914893617021277,0.7489361702127659,1.0,0.5585585585585585,0.14492753623188406,1.0,0.5678286982634808
hard,knn + random_forest + naive_bayes + ridge_classifier + decision_tree + extra_trees,6,0.6468085106382979,0.8468085106382978,0.8085106382978723,0.7574468085106383,0.9744680851063829,0.5263157894736842,0.19718309859154928,0.9594594594594594,0.5609861158415642
hard,knn + svm + naive_bayes + ridge_classifier + extra_trees + sgd_classifier,6,0.6468085106382979,0.8468085106382978,0.8085106382978723,0.7617021276595745,0.9702127659574468,0.5871559633027523,0.2,0.9523809523809523,0.5798456385612348
hard,svm + naive_bayes + logistic_regression + ridge_classifier + decision_tree + extra_trees,6,0.6468085106382979,0.8468085106382978,0.8,0.7489361702127659,0.9914893617021276,0.584070796460177,0.23376623376623376,0.9868421052631579,0.6015597118298562
soft,knn + random_forest + naive_bayes + logistic_regression + decision_tree + extra_trees + gradient_boosting + sgd_classifier,8,0.6468085106382979,0.8468085106382978,0.8,0.7404255319148936,1.0,0.5982905982905983,0.22784810126582278,1.0,0.6087128998521404
hard,knn + extra_trees + gradient_boosting + sgd_classifier,4,0.6468085106382979,0.8453900709219858,0.8042553191489362,0.7702127659574468,0.9617021276595744,0.5660377358490566,0.1,0.9379310344827586,0.5346562567772718
soft,knn + random_forest + extra_trees + sgd_classifier,4,0.6468085106382979,0.8453900709219858,0.7957446808510639,0.7404255319148936,1.0,0.5862068965517241,0.24691358024691357,1.0,0.6110401589328792
soft,svm + naive_bayes + logistic_regression + gradient_boosting,4,0.6468085106382979,0.8453900709219858,0.8042553191489362,0.7319148936170212,1.0,0.6101694915254238,0.2222222222222222,1.0,0.610797237915882
hard,knn + random_forest + ridge_classifier + decision_tree + sgd_classifier,5,0.6468085106382979,0.8453900709219858,0.7957446808510639,0.7404255319148936,1.0,0.5862068965517241,0.18666666666666668,1.0,0.5909578544061302
hard,knn + svm + logistic_regression + ridge_classifier + extra_trees,5,0.6468085106382979,0.8453900709219858,0.7957446808510639,0.7531914893617021,0.9872340425531915,0.6065573770491803,0.2564102564102564,0.9801324503311258,0.6143666945968542
hard,svm + random_forest + logistic_regression + decision_tree + sgd_classifier,5,0.6468085106382979,0.8453900709219858,0.7914893617021277,0.7446808510638298,1.0,0.5882352941176471,0.14285714285714285,1.0,0.57703081232493
soft,knn + naive_bayes + logistic_regression + decision_tree + gradient_boosting,5,0.6468085106382979,0.8453900709219858,0.7957446808510639,0.7404255319148936,1.0,0.5932203389830508,0.2077922077922078,1.0,0.6003375155917529
soft,knn + random_forest + logistic_regression + decision_tree + gradient_boosting,5,0.6468085106382979,0.8453900709219858,0.7957446808510639,0.7404255319148936,1.0,0.5384615384615384,0.14084507042253522,1.0,0.5597688696280246
soft,knn + random_forest + naive_bayes + decision_tree + sgd_classifier,5,0.6468085106382979,0.8453900709219858,0.7914893617021277,0.7446808510638298,1.0,0.5663716814159292,0.1891891891891892,1.0,0.5851869568683729
soft,knn + svm + naive_bayes + logistic_regression + decision_tree,5,0.6468085106382979,0.8453900709219858,0.8,0.7361702127659574,1.0,0.591304347826087,0.1388888888888889,1.0,0.576731078904992
hard,knn + random_forest + logistic_regression + ridge_classifier + decision_tree + sgd_classifier,6,0.6468085106382979,0.8453900709219858,0.7957446808510639,0.7404255319148936,1.0,0.5862068965517241,0.18666666666666668,1.0,0.5909578544061302
soft,knn + random_forest + naive_bayes + decision_tree + gradient_boosting + sgd_classifier,6,0.6468085106382979,0.8453900709219858,0.7872340425531915,0.7489361702127659,1.0,0.5535714285714286,0.16901408450704225,1.0,0.5741951710261569
soft,svm + random_forest + naive_bayes + logistic_regression + decision_tree + extra_trees,6,0.6468085106382979,0.8453900709219858,0.7957446808510639,0.7404255319148936,1.0,0.5636363636363636,0.18666666666666668,1.0,0.5834343434343434
hard,svm + random_forest + naive_bayes + logistic_regression + decision_tree + extra_trees + sgd_classifier,7,0.6468085106382979,0.8453900709219858,0.7957446808510639,0.7404255319148936,1.0,0.5714285714285714,0.2077922077922078,1.0,0.5930735930735931
hard,svm + random_forest + naive_bayes + ridge_classifier + decision_tree + extra_trees + sgd_classifier,7,0.6468085106382979,0.8453900709219858,0.7957446808510639,0.7404255319148936,1.0,0.5714285714285714,0.2077922077922078,1.0,0.5930735930735931
soft,knn + svm + naive_bayes + logistic_regression + decision_tree + gradient_boosting + sgd_classifier,7,0.6468085106382979,0.8453900709219858,0.7957446808510639,0.7404255319148936,1.0,0.6,0.18666666666666668,1.0,0.5955555555555555
hard,svm + random_forest + naive_bayes + logistic_regression + ridge_classifier + decision_tree + extra_trees + sgd_classifier,8,0.6468085106382979,0.8453900709219858,0.7957446808510639,0.7404255319148936,1.0,0.5714285714285714,0.2077922077922078,1.0,0.5930735930735931
hard,random_forest + naive_bayes + ridge_classifier + extra_trees + gradient_boosting,5,0.6468085106382979,0.8453900709219857,0.7957446808510639,0.7489361702127659,0.9914893617021276,0.5714285714285714,0.21333333333333335,0.9868421052631579,0.5905346700083541
soft,knn + svm + naive_bayes + logistic_regression + extra_trees,5,0.6468085106382979,0.8453900709219857,0.8,0.7446808510638298,0.9914893617021276,0.591304347826087,0.23076923076923078,0.9868421052631579,0.6029718946194919
hard,knn + random_forest + logistic_regression + ridge_classifier + decision_tree + extra_trees,6,0.6468085106382979,0.8453900709219857,0.7914893617021277,0.7531914893617021,0.9914893617021276,0.5148514851485149,0.19444444444444445,0.9868421052631579,0.565379344952039
hard,random_forest + naive_bayes + logistic_regression + ridge_classifier + extra_trees + gradient_boosting,6,0.6468085106382979,0.8453900709219857,0.7957446808510639,0.7489361702127659,0.9914893617021276,0.5714285714285714,0.21333333333333335,0.9868421052631579,0.5905346700083541
soft,random_forest + naive_bayes,2,0.6468085106382979,0.8439716312056738,0.8085106382978723,0.7276595744680852,0.9957446808510638,0.5714285714285714,0.2558139534883721,0.9934640522875817,0.6069021924015084
soft,knn + random_forest + naive_bayes + logistic_regression + decision_tree + extra_trees,6,0.6468085106382979,0.8439716312056738,0.7872340425531915,0.7446808510638298,1.0,0.5535714285714286,0.25,1.0,0.6011904761904762
soft,knn + svm + naive_bayes + logistic_regression + decision_tree + extra_trees,6,0.6468085106382979,0.8439716312056738,0.7914893617021277,0.7446808510638298,0.9957446808510638,0.5585585585585585,0.1891891891891892,0.9934640522875817,0.5804039333451098
hard,random_forest + naive_bayes + logistic_regression + ridge_classifier + decision_tree + extra_trees + gradient_boosting,7,0.6468085106382979,0.8439716312056738,0.7914893617021277,0.7404255319148936,1.0,0.5950413223140496,0.22784810126582278,1.0,0.6076298078599575
hard,knn + extra_trees + gradient_boosting,3,0.6468085106382979,0.8425531914893617,0.8,0.7659574468085106,0.9617021276595744,0.5607476635514018,0.09836065573770492,0.9379310344827586,0.5323464512572884
hard,knn + logistic_regression + extra_trees + gradient_boosting,4,0.6468085106382979,0.8425531914893617,0.8,0.7659574468085106,0.9617021276595744,0.5607476635514018,0.09836065573770492,0.9379310344827586,0.5323464512572884
hard,random_forest + logistic_regression + ridge_classifier + decision_tree + extra_trees + sgd_classifier,6,0.6468085106382979,0.8425531914893617,0.7872340425531915,0.7404255319148936,1.0,0.5370370370370371,0.24691358024691357,1.0,0.5946502057613169
soft,knn + random_forest + naive_bayes + logistic_regression + decision_tree + gradient_boosting,6,0.6468085106382979,0.8425531914893617,0.7914893617021277,0.7361702127659574,1.0,0.5811965811965812,0.16216216216216217,1.0,0.5811195811195812
soft,knn + random_forest + naive_bayes + logistic_regression + decision_tree + extra_trees + gradient_boosting,7,0.6468085106382979,0.8425531914893617,0.7829787234042553,0.7446808510638298,1.0,0.5405405405405406,0.23076923076923078,1.0,0.5904365904365905
soft,knn + svm + random_forest + naive_bayes + logistic_regression + decision_tree + gradient_boosting,7,0.6468085106382979,0.8425531914893617,0.7787234042553192,0.7489361702127659,1.0,0.5357142857142857,0.14492753623188406,1.0,0.5602139406487233
hard,knn + ridge_classifier + extra_trees + gradient_boosting,4,0.6468085106382979,0.8411347517730497,0.8,0.7659574468085106,0.9574468085106383,0.5607476635514018,0.09836065573770492,0.9305555555555556,0.5298879582815541
soft,svm + naive_bayes + decision_tree + extra_trees,4,0.6425531914893617,0.8539007092198582,0.8085106382978723,0.7574468085106383,0.9957446808510638,0.5360824742268041,0.17391304347826086,0.9934640522875817,0.5678198566642155
hard,decision_tree + sgd_classifier,2,0.6425531914893617,0.852482269503546,0.8042553191489362,0.7574468085106383,0.9957446808510638,0.43902439024390244,0.12307692307692308,0.9934640522875817,0.5185217885361357
hard,knn + svm + random_forest + ridge_classifier + decision_tree + extra_trees,6,0.6425531914893617,0.851063829787234,0.8042553191489362,0.7617021276595745,0.9872340425531915,0.5106382978723404,0.06666666666666667,0.9801324503311258,0.5191458049567109
hard,svm + random_forest + naive_bayes + ridge_classifier + extra_trees + sgd_classifier,6,0.6425531914893617,0.851063829787234,0.8127659574468085,0.7531914893617021,0.9872340425531915,0.5769230769230769,0.21621621621621623,0.9801324503311258,0.5910905811568062
hard,knn + random_forest + decision_tree + sgd_classifier,4,0.6425531914893617,0.849645390070922,0.7872340425531915,0.7659574468085106,0.9957446808510638,0.4318181818181818,0.09836065573770492,0.9934640522875817,0.5078809632811562
soft,knn + logistic_regression + decision_tree + sgd_classifier,4,0.6425531914893617,0.849645390070922,0.8,0.7489361702127659,1.0,0.6115702479338843,0.3058823529411765,1.0,0.6391508669583535
soft,knn + random_forest + naive_bayes + decision_tree,4,0.6425531914893617,0.849645390070922,0.8,0.7489361702127659,1.0,0.5154639175257731,0.16901408450704225,1.0,0.5614926673442718
soft,knn + svm + random_forest + extra_trees,4,0.6425531914893617,0.849645390070922,0.7914893617021277,0.7617021276595745,0.9957446808510638,0.4948453608247423,0.034482758620689655,0.9934640522875817,0.5075973905776712
hard,random_forest + ridge_classifier,2,0.6425531914893617,0.8482269503546099,0.8,0.7574468085106383,0.9872340425531915,0.4946236559139785,0.14925373134328357,0.9801324503311258,0.5413366125294626
soft,knn + random_forest + decision_tree,3,0.6425531914893617,0.8482269503546099,0.7829787234042553,0.7617021276595745,1.0,0.4742268041237113,0.24324324324324326,1.0,0.5724900157889848
soft,knn + svm + random_forest + naive_bayes,4,0.6425531914893617,0.8482269503546099,0.7914893617021277,0.7574468085106383,0.9957446808510638,0.5333333333333333,0.14925373134328357,0.9934640522875817,0.5586837056547328
soft,naive_bayes + extra_trees + gradient_boosting + sgd_classifier,4,0.6425531914893617,0.8482269503546099,0.8,0.7446808510638298,1.0,0.591304347826087,0.2682926829268293,1.0,0.6198656769176387
hard,svm + logistic_regression + ridge_classifier + decision_tree + extra_trees,5,0.6425531914893617,0.8482269503546099,0.7957446808510639,0.7489361702127659,1.0,0.6129032258064516,0.3218390804597701,1.0,0.6449141020887406
hard,svm + random_forest + naive_bayes + logistic_regression + decision_tree,5,0.6425531914893617,0.8482269503546099,0.8,0.7446808510638298,1.0,0.584070796460177,0.1891891891891892,1.0,0.5910866618831221
hard,svm + random_forest + naive_bayes + ridge_classifier + decision_tree,5,0.6425531914893617,0.8482269503546099,0.8,0.7446808510638298,1.0,0.584070796460177,0.1891891891891892,1.0,0.5910866618831221
soft,knn + naive_bayes + decision_tree + extra_trees + sgd_classifier,5,0.6425531914893617,0.8482269503546099,0.7957446808510639,0.7531914893617021,0.9957446808510638,0.5555555555555556,0.23684210526315788,0.9934640522875817,0.5952872377020983
soft,knn + random_forest + naive_bayes + extra_trees + sgd_classifier,5,0.6425531914893617,0.8482269503546099,0.8085106382978723,0.7404255319148936,0.9957446808510638,0.5945945945945946,0.24691358024691357,0.9934640522875817,0.6116574090430299
soft,knn + svm + naive_bayes + extra_trees + gradient_boosting,5,0.6425531914893617,0.8482269503546099,0.8,0.7531914893617021,0.9914893617021276,0.5346534653465347,0.09375,0.9868421052631579,0.5384151902032309
soft,naive_bayes + logistic_regression + decision_tree + extra_trees + sgd_classifier,5,0.6425531914893617,0.8482269503546099,0.8042553191489362,0.7404255319148936,1.0,0.6101694915254238,0.2988505747126437,1.0,0.6363400220793558
soft,svm + logistic_regression + decision_tree + gradient_boosting + sgd_classifier,5,0.6425531914893617,0.8482269503546099,0.7957446808510639,0.7489361702127659,1.0,0.5862068965517241,0.21333333333333335,1.0,0.5998467432950192
hard,knn + random_forest + naive_bayes + extra_trees + gradient_boosting + sgd_classifier,6,0.6425531914893617,0.8482269503546099,0.8042553191489362,0.7659574468085106,0.9744680851063829,0.5576923076923077,0.12698412698412698,0.9594594594594594,0.548045298045298
hard,svm + random_forest + naive_bayes + logistic_regression + ridge_classifier + decision_tree,6,0.6425531914893617,0.8482269503546099,0.8,0.7446808510638298,1.0,0.584070796460177,0.1891891891891892,1.0,0.5910866618831221
soft,knn + svm + random_forest + logistic_regression + extra_trees + sgd_classifier,6,0.6425531914893617,0.8482269503546099,0.8,0.7446808510638298,1.0,0.5982905982905983,0.25,1.0,0.6160968660968661
soft,knn + svm,2,0.6425531914893617,0.8468085106382978,0.7872340425531915,0.774468085106383,0.9787234042553191,0.5098039215686274,0.0,0.9664429530201343,0.4920822915295872
hard,knn + logistic_regression + decision_tree,3,0.6425531914893617,0.8468085106382978,0.7957446808510639,0.7446808510638298,1.0,0.5932203389830508,0.25,1.0,0.614406779661017
hard,naive_bayes + decision_tree + extra_trees,3,0.6425531914893617,0.8468085106382978,0.8170212765957446,0.7489361702127659,0.9744680851063829,0.5656565656565656,0.23376623376623376,0.9594594594594594,0.5862940862940863
soft,knn + gradient_boosting + sgd_classifier,3,0.6425531914893617,0.8468085106382978,0.8,0.7404255319148936,1.0,0.6050420168067226,0.1643835616438356,1.0,0.5898085261501861
soft,random_forest + decision_tree + gradient_boosting,3,0.6425531914893617,0.8468085106382978,0.7872340425531915,0.7531914893617021,1.0,0.4791666666666667,0.21621621621621623,1.0,0.5651276276276277
soft,svm + logistic_regression + decision_tree,3,0.6425531914893617,0.8468085106382978,0.7914893617021277,0.7489361702127659,1.0,0.5663716814159292,0.2716049382716049,1.0,0.612658873229178
soft,svm + logistic_regression + gradient_boosting + sgd_classifier,4,0.6425531914893617,0.8468085106382978,0.8042553191489362,0.7361702127659574,1.0,0.6229508196721312,0.3111111111111111,1.0,0.6446873102610807
hard,knn + random_forest + naive_bayes + logistic_regression + decision_tree,5,0.6425531914893617,0.8468085106382978,0.7914893617021277,0.7489361702127659,1.0,0.5663716814159292,0.23376623376623376,1.0,0.6000459717273876
hard,knn + svm + logistic_regression + ridge_classifier + decision_tree,5,0.6425531914893617,0.8468085106382978,0.7957446808510639,0.7446808510638298,1.0,0.6129032258064516,0.25,1.0,0.6209677419354839
hard,svm + naive_bayes + logistic_regression + gradient_boosting + sgd_classifier,5,0.6425531914893617,0.8468085106382978,0.8170212765957446,0.723404255319149,1.0,0.6446280991735537,0.25287356321839083,1.0,0.6325005541306482
hard,svm + naive_bayes + ridge_classifier + gradient_boosting + sgd_classifier,5,0.6425531914893617,0.8468085106382978,0.8170212765957446,0.723404255319149,1.0,0.6446280991735537,0.25287356321839083,1.0,0.6325005541306482
hard,svm + random_forest + naive_bayes + ridge_classifier + extra_trees,5,0.6425531914893617,0.8468085106382978,0.8,0.7489361702127659,0.9914893617021276,0.5688073394495413,0.21333333333333335,0.9868421052631579,0.5896609260153441
soft,knn + svm + logistic_regression + gradient_boosting + sgd_classifier,5,0.6425531914893617,0.8468085106382978,0.8,0.7404255319148936,1.0,0.6115702479338843,0.24691358024691357,1.0,0.6194946093935992
soft,random_forest + naive_bayes + decision_tree + gradient_boosting + sgd_classifier,5,0.6425531914893617,0.8468085106382978,0.7957446808510639,0.7446808510638298,1.0,0.5636363636363636,0.16666666666666666,1.0,0.5767676767676767
soft,svm + random_forest + logistic_regression + extra_trees + sgd_classifier,5,0.6425531914893617,0.8468085106382978,0.8,0.7404255319148936,1.0,0.6178861788617886,0.3146067415730337,1.0,0.6441643068116075
hard,knn + naive_bayes + decision_tree + extra_trees + gradient_boosting + sgd_classifier,6,0.6425531914893617,0.8468085106382978,0.8042553191489362,0.7617021276595745,0.9744680851063829,0.5660377358490566,0.125,0.9594594594594594,0.5501657317695053
hard,svm + naive_bayes + logistic_regression + ridge_classifier + gradient_boosting + sgd_classifier,6,0.6425531914893617,0.8468085106382978,0.8170212765957446,0.723404255319149,1.0,0.6446280991735537,0.25287356321839083,1.0,0.6325005541306482
hard,svm + random_forest + naive_bayes + logistic_regression + ridge_classifier + extra_trees,6,0.6425531914893617,0.8468085106382978,0.8,0.7489361702127659,0.9914893617021276,0.5688073394495413,0.21333333333333335,0.9868421052631579,0.5896609260153441
hard,knn + random_forest + naive_bayes + logistic_regression + decision_tree + extra_trees + sgd_classifier,7,0.6425531914893617,0.8468085106382978,0.7957446808510639,0.7446808510638298,1.0,0.5714285714285714,0.23076923076923078,1.0,0.6007326007326007
soft,knn + svm + naive_bayes + logistic_regression + extra_trees + gradient_boosting + sgd_classifier,7,0.6425531914893617,0.8468085106382978,0.8,0.7404255319148936,1.0,0.5982905982905983,0.24691358024691357,1.0,0.6150680595125039
soft,knn + svm + random_forest + naive_bayes + logistic_regression + extra_trees + sgd_classifier,7,0.6425531914893617,0.8468085106382978,0.8042553191489362,0.7361702127659574,1.0,0.603448275862069,0.24390243902439024,1.0,0.6157835716288197
soft,random_forest + naive_bayes + logistic_regression + decision_tree + extra_trees + gradient_boosting + sgd_classifier,7,0.6425531914893617,0.8468085106382978,0.8,0.7404255319148936,1.0,0.591304347826087,0.22784810126582278,1.0,0.6063841496973033
soft,svm + random_forest + naive_bayes + logistic_regression + decision_tree + extra_trees + sgd_classifier,7,0.6425531914893617,0.8468085106382978,0.8,0.7404255319148936,1.0,0.584070796460177,0.2077922077922078,1.0,0.5972876680841283
soft,svm + random_forest + naive_bayes + logistic_regression + extra_trees + gradient_boosting + sgd_classifier,7,0.6425531914893617,0.8468085106382978,0.8,0.7404255319148936,1.0,0.5982905982905983,0.24691358024691357,1.0,0.6150680595125039
soft,svm + naive_bayes + extra_trees,3,0.6425531914893617,0.8453900709219858,0.8,0.7531914893617021,0.9829787234042553,0.5436893203883495,0.12121212121212122,0.9733333333333334,0.546078258311268
hard,knn + random_forest + logistic_regression + decision_tree,4,0.6425531914893617,0.8453900709219858,0.7829787234042553,0.7531914893617021,1.0,0.43956043956043955,0.09375,1.0,0.5111034798534798
hard,knn + random_forest + ridge_classifier + sgd_classifier,4,0.6425531914893617,0.8453900709219858,0.7914893617021277,0.7617021276595745,0.9829787234042553,0.5504587155963303,0.17647058823529413,0.9733333333333334,0.5667542123883192
soft,random_forest + naive_bayes + logistic_regression + decision_tree,4,0.6425531914893617,0.8453900709219858,0.7829787234042553,0.7531914893617021,1.0,0.5641025641025641,0.30952380952380953,1.0,0.6245421245421245
soft,svm + logistic_regression + decision_tree + sgd_classifier,4,0.6425531914893617,0.8453900709219858,0.7957446808510639,0.7404255319148936,1.0,0.5932203389830508,0.24691358024691357,1.0,0.6133779730766548
hard,knn + naive_bayes + decision_tree + extra_trees + gradient_boosting,5,0.6425531914893617,0.8453900709219858,0.8,0.7574468085106383,0.9787234042553191,0.5607476635514018,0.12307692307692308,0.9664429530201343,0.5500891798828197
soft,knn + random_forest + naive_bayes + logistic_regression + extra_trees,5,0.6425531914893617,0.8453900709219858,0.8042553191489362,0.7361702127659574,0.9957446808510638,0.5964912280701754,0.27906976744186046,0.9934640522875817,0.6230083492665391
soft,knn + svm + naive_bayes + logistic_regression + gradient_boosting,5,0.6425531914893617,0.8453900709219858,0.7957446808510639,0.7446808510638298,0.9957446808510638,0.5789473684210527,0.21052631578947367,0.9934640522875817,0.5943125788327027
soft,random_forest + logistic_regression + decision_tree + extra_trees + sgd_classifier,5,0.6425531914893617,0.8453900709219858,0.7872340425531915,0.7489361702127659,1.0,0.576271186440678,0.3058823529411765,1.0,0.6273845131272848
hard,knn + naive_bayes + logistic_regression + decision_tree + extra_trees + gradient_boosting,6,0.6425531914893617,0.8453900709219858,0.8,0.7574468085106383,0.9787234042553191,0.5607476635514018,0.12307692307692308,0.9664429530201343,0.5500891798828197
hard,knn + random_forest + logistic_regression + ridge_classifier + extra_trees + sgd_classifier,6,0.6425531914893617,0.8453900709219858,0.7914893617021277,0.7574468085106383,0.9872340425531915,0.5739130434782609,0.27848101265822783,0.9801324503311258,0.6108421688225382
hard,knn + random_forest + logistic_regression + ridge_classifier + decision_tree + extra_trees + sgd_classifier,7,0.6425531914893617,0.8453900709219858,0.7957446808510639,0.7404255319148936,1.0,0.6065573770491803,0.26506024096385544,1.0,0.6238725393376786
soft,knn + svm + random_forest + naive_bayes + logistic_regression + decision_tree + sgd_classifier,7,0.6425531914893617,0.8453900709219858,0.7957446808510639,0.7404255319148936,1.0,0.5789473684210527,0.2077922077922078,1.0,0.5955798587377535
hard,knn + svm + extra_trees,3,0.6425531914893617,0.8453900709219857,0.8085106382978723,0.7659574468085106,0.9617021276595744,0.5631067961165048,0.09836065573770492,0.9379310344827586,0.5331328287789895
hard,knn + svm + logistic_regression + extra_trees,4,0.6425531914893617,0.8453900709219857,0.8085106382978723,0.7659574468085106,0.9617021276595744,0.5631067961165048,0.09836065573770492,0.9379310344827586,0.5331328287789895
hard,knn + svm + naive_bayes + sgd_classifier,4,0.6425531914893617,0.8439716312056738,0.8127659574468085,0.7702127659574468,0.948936170212766,0.5849056603773585,0.1,0.9154929577464789,0.533466206041279
hard,knn + svm + ridge_classifier + extra_trees,4,0.6425531914893617,0.8439716312056738,0.8085106382978723,0.7659574468085106,0.9574468085106383,0.5631067961165048,0.09836065573770492,0.9305555555555556,0.5306743358032552
hard,random_forest + ridge_classifier + extra_trees + sgd_classifier,4,0.6425531914893617,0.8439716312056738,0.7872340425531915,0.7574468085106383,0.9872340425531915,0.5,0.2597402597402597,0.9801324503311258,0.5799575700237952
hard,knn + random_forest + ridge_classifier + extra_trees + sgd_classifier,5,0.6425531914893617,0.8439716312056738,0.7872340425531915,0.7574468085106383,0.9872340425531915,0.5689655172413793,0.27848101265822783,0.9801324503311258,0.6091929934102444
hard,svm + random_forest + ridge_classifier + decision_tree + sgd_classifier,5,0.6425531914893617,0.8439716312056738,0.7872340425531915,0.7446808510638298,1.0,0.576271186440678,0.14285714285714285,1.0,0.5730427764326069
soft,knn + naive_bayes + logistic_regression + decision_tree + extra_trees,5,0.6425531914893617,0.8439716312056738,0.7914893617021277,0.7446808510638298,0.9957446808510638,0.5739130434782609,0.2682926829268293,0.9934640522875817,0.6118899262308907
soft,random_forest + naive_bayes + logistic_regression + decision_tree + extra_trees,5,0.6425531914893617,0.8439716312056738,0.7829787234042553,0.7489361702127659,1.0,0.5405405405405406,0.2891566265060241,1.0,0.6098990556821883
hard,knn + naive_bayes + ridge_classifier + decision_tree + extra_trees + gradient_boosting,6,0.6425531914893617,0.8439716312056738,0.8,0.7574468085106383,0.9744680851063829,0.5607476635514018,0.12307692307692308,0.9594594594594594,0.5477613486959281
hard,svm + random_forest + logistic_regression + ridge_classifier + decision_tree + sgd_classifier,6,0.6425531914893617,0.8439716312056738,0.7872340425531915,0.7446808510638298,1.0,0.576271186440678,0.14285714285714285,1.0,0.5730427764326069
hard,knn + naive_bayes + gradient_boosting,3,0.6425531914893617,0.8425531914893617,0.8085106382978723,0.7659574468085106,0.9531914893617022,0.5871559633027523,0.09836065573770492,0.9230769230769231,0.5361978473724601
hard,knn + naive_bayes + gradient_boosting + sgd_classifier,4,0.6425531914893617,0.8425531914893617,0.8085106382978723,0.7702127659574468,0.948936170212766,0.5871559633027523,0.1,0.9154929577464789,0.5342163070164104
hard,knn + naive_bayes + logistic_regression + gradient_boosting,4,0.6425531914893617,0.8425531914893617,0.8085106382978723,0.7659574468085106,0.9531914893617022,0.5871559633027523,0.09836065573770492,0.9230769230769231,0.5361978473724601
hard,knn + naive_bayes + ridge_classifier + gradient_boosting,4,0.6425531914893617,0.8425531914893617,0.8085106382978723,0.7659574468085106,0.9531914893617022,0.5871559633027523,0.09836065573770492,0.9230769230769231,0.5361978473724601
hard,svm + random_forest + logistic_regression + ridge_classifier + decision_tree + extra_trees + sgd_classifier,7,0.6425531914893617,0.8425531914893617,0.7872340425531915,0.7404255319148936,1.0,0.5901639344262295,0.24691358024691357,1.0,0.6123591715577144
hard,random_forest + ridge_classifier + extra_trees,3,0.6425531914893617,0.8411347517730497,0.7872340425531915,0.7446808510638298,0.9914893617021276,0.5370370370370371,0.25,0.9868421052631579,0.5912930474333983
soft,random_forest + naive_bayes + logistic_regression + extra_trees + gradient_boosting,5,0.6425531914893617,0.8411347517730497,0.7957446808510639,0.7276595744680852,1.0,0.5789473684210527,0.28888888888888886,1.0,0.6226120857699805
hard,naive_bayes + decision_tree + extra_trees + gradient_boosting,4,0.6382978723404256,0.8524822695035462,0.8212765957446808,0.7617021276595745,0.9744680851063829,0.5434782608695652,0.06666666666666667,0.9594594594594594,0.5232014623318971
soft,svm + naive_bayes + decision_tree + gradient_boosting,4,0.6382978723404256,0.851063829787234,0.8,0.7531914893617021,1.0,0.5346534653465347,0.14705882352941177,1.0,0.5605707629586488
hard,logistic_regression + ridge_classifier + decision_tree + extra_trees + gradient_boosting,5,0.6382978723404256,0.851063829787234,0.8042553191489362,0.7489361702127659,1.0,0.640625,0.3218390804597701,1.0,0.65415469348659
soft,svm + random_forest + naive_bayes + decision_tree,4,0.6382978723404256,0.849645390070922,0.8,0.7489361702127659,1.0,0.5346534653465347,0.14492753623188406,1.0,0.5598603338594729
soft,knn + svm + random_forest + naive_bayes + decision_tree + extra_trees,6,0.6382978723404256,0.849645390070922,0.8,0.7531914893617021,0.9957446808510638,0.5154639175257731,0.12121212121212122,0.9934640522875817,0.5433800303418254
soft,knn + svm + random_forest + naive_bayes + extra_trees + gradient_boosting,6,0.6382978723404256,0.849645390070922,0.7957446808510639,0.7574468085106383,0.9957446808510638,0.5294117647058824,0.12307692307692308,0.9934640522875817,0.5486509133567957
soft,knn + naive_bayes + decision_tree + sgd_classifier,4,0.6382978723404256,0.8482269503546099,0.7957446808510639,0.7489361702127659,1.0,0.5636363636363636,0.25316455696202533,1.0,0.6056003068661296
soft,knn + random_forest + naive_bayes + sgd_classifier,4,0.6382978723404256,0.8482269503546099,0.8127659574468085,0.7319148936170212,1.0,0.6140350877192983,0.25882352941176473,1.0,0.6242862057103543
hard,knn + random_forest + logistic_regression + ridge_classifier + decision_tree,5,0.6382978723404256,0.8482269503546099,0.8,0.7446808510638298,1.0,0.6178861788617886,0.2857142857142857,1.0,0.6345334881920248
hard,knn + svm + random_forest + naive_bayes + extra_trees,5,0.6382978723404256,0.8482269503546099,0.8042553191489362,0.7659574468085106,0.9744680851063829,0.5490196078431373,0.15384615384615385,0.9594594594594594,0.5541084070495835
hard,svm + random_forest + naive_bayes + decision_tree + sgd_classifier,5,0.6382978723404256,0.8482269503546099,0.7957446808510639,0.7489361702127659,1.0,0.5555555555555556,0.14492753623188406,1.0,0.5668276972624798
soft,knn + random_forest + naive_bayes + decision_tree + extra_trees,5,0.6382978723404256,0.8482269503546099,0.8042553191489362,0.7446808510638298,0.9957446808510638,0.5106382978723404,0.14285714285714285,0.9934640522875817,0.548986497672355
soft,knn + svm + random_forest + naive_bayes + extra_trees,5,0.6382978723404256,0.8482269503546099,0.7914893617021277,0.7617021276595745,0.9914893617021276,0.5242718446601942,0.17647058823529413,0.9868421052631579,0.5625281793862155
hard,knn + svm + random_forest + naive_bayes + logistic_regression + extra_trees,6,0.6382978723404256,0.8482269503546099,0.8042553191489362,0.7659574468085106,0.9744680851063829,0.5490196078431373,0.15384615384615385,0.9594594594594594,0.5541084070495835
hard,svm + naive_bayes + ridge_classifier + decision_tree + extra_trees + sgd_classifier,6,0.6382978723404256,0.8482269503546099,0.8042553191489362,0.7531914893617021,0.9872340425531915,0.5660377358490566,0.19444444444444445,0.9801324503311258,0.5802048768748757
hard,svm + random_forest + naive_bayes + logistic_regression + decision_tree + sgd_classifier,6,0.6382978723404256,0.8482269503546099,0.7957446808510639,0.7489361702127659,1.0,0.5555555555555556,0.14492753623188406,1.0,0.5668276972624798
hard,svm + random_forest + naive_bayes + ridge_classifier + decision_tree + sgd_classifier,6,0.6382978723404256,0.8482269503546099,0.7957446808510639,0.7489361702127659,1.0,0.5555555555555556,0.14492753623188406,1.0,0.5668276972624798
soft,naive_bayes + extra_trees + gradient_boosting,3,0.6382978723404256,0.846808510638298,0.7914893617021277,0.7617021276595745,0.9872340425531915,0.5420560747663551,0.2631578947368421,0.9801324503311258,0.5951154732781077
hard,knn + svm + random_forest + naive_bayes + ridge_classifier + extra_trees,6,0.6382978723404256,0.846808510638298,0.8042553191489362,0.7659574468085106,0.9702127659574468,0.5490196078431373,0.15384615384615385,0.9523809523809523,0.5517489046900811
hard,naive_bayes + gradient_boosting + sgd_classifier,3,0.6382978723404256,0.8468085106382978,0.8170212765957446,0.723404255319149,1.0,0.6324786324786325,0.25287356321839083,1.0,0.6284507318990077
soft,knn + naive_bayes + gradient_boosting,3,0.6382978723404256,0.8468085106382978,0.8085106382978723,0.7489361702127659,0.9829787234042553,0.5794392523364486,0.14492753623188406,0.9733333333333334,0.5659000406338887
hard,naive_bayes + logistic_regression + gradient_boosting + sgd_classifier,4,0.6382978723404256,0.8468085106382978,0.8170212765957446,0.723404255319149,1.0,0.6324786324786325,0.25287356321839083,1.0,0.6284507318990077
hard,random_forest + naive_bayes + ridge_classifier + decision_tree,4,0.6382978723404256,0.8468085106382978,0.8085106382978723,0.7446808510638298,0.9872340425531915,0.5161290322580645,0.1891891891891892,0.9801324503311258,0.5618168905927932
soft,knn + naive_bayes + gradient_boosting + sgd_classifier,4,0.6382978723404256,0.8468085106382978,0.8127659574468085,0.7276595744680852,1.0,0.6206896551724138,0.2,1.0,0.6068965517241379
soft,logistic_regression + decision_tree + gradient_boosting + sgd_classifier,4,0.6382978723404256,0.8468085106382978,0.7914893617021277,0.7489361702127659,1.0,0.6016260162601627,0.3058823529411765,1.0,0.6358361230671131
soft,random_forest + logistic_regression + decision_tree + sgd_classifier,4,0.6382978723404256,0.8468085106382978,0.8,0.7404255319148936,1.0,0.6115702479338843,0.2988505747126437,1.0,0.636806940882176
soft,random_forest + naive_bayes + gradient_boosting + sgd_classifier,4,0.6382978723404256,0.8468085106382978,0.8127659574468085,0.7276595744680852,1.0,0.6140350877192983,0.23809523809523808,1.0,0.6173767752715121
hard,knn + logistic_regression + ridge_classifier + decision_tree + gradient_boosting,5,0.6382978723404256,0.8468085106382978,0.7957446808510639,0.7446808510638298,1.0,0.625,0.25,1.0,0.625
hard,knn + random_forest + naive_bayes + decision_tree + sgd_classifier,5,0.6382978723404256,0.8468085106382978,0.7914893617021277,0.7489361702127659,1.0,0.5420560747663551,0.1917808219178082,1.0,0.5779456322280544
hard,random_forest + logistic_regression + ridge_classifier + extra_trees + gradient_boosting,5,0.6382978723404256,0.8468085106382978,0.7957446808510639,0.7446808510638298,1.0,0.6307692307692307,0.25,1.0,0.6269230769230769
hard,svm + naive_bayes + logistic_regression + decision_tree + sgd_classifier,5,0.6382978723404256,0.8468085106382978,0.8127659574468085,0.7276595744680852,1.0,0.6271186440677966,0.28888888888888886,1.0,0.6386691776522285
hard,svm + naive_bayes + ridge_classifier + decision_tree + sgd_classifier,5,0.6382978723404256,0.8468085106382978,0.8127659574468085,0.7276595744680852,1.0,0.6271186440677966,0.28888888888888886,1.0,0.6386691776522285
soft,knn + naive_bayes + decision_tree + gradient_boosting + sgd_classifier,5,0.6382978723404256,0.8468085106382978,0.7957446808510639,0.7446808510638298,1.0,0.5555555555555556,0.16666666666666666,1.0,0.5740740740740741
hard,knn + random_forest + naive_bayes + logistic_regression + decision_tree + sgd_classifier,6,0.6382978723404256,0.8468085106382978,0.7914893617021277,0.7489361702127659,1.0,0.5420560747663551,0.1917808219178082,1.0,0.5779456322280544
hard,knn + svm + naive_bayes + decision_tree + extra_trees + gradient_boosting,6,0.6382978723404256,0.8468085106382978,0.7957446808510639,0.7702127659574468,0.9744680851063829,0.5294117647058824,0.03571428571428571,0.9594594594594594,0.5081951699598758
hard,svm + naive_bayes + logistic_regression + ridge_classifier + decision_tree + sgd_classifier,6,0.6382978723404256,0.8468085106382978,0.8127659574468085,0.7276595744680852,1.0,0.6271186440677966,0.28888888888888886,1.0,0.6386691776522285
soft,knn + svm + random_forest + logistic_regression + gradient_boosting + sgd_classifier,6,0.6382978723404256,0.8468085106382978,0.8,0.7404255319148936,1.0,0.6050420168067226,0.22784810126582278,1.0,0.6109633726908484
soft,gradient_boosting + sgd_classifier,2,0.6382978723404256,0.8453900709219858,0.8085106382978723,0.7276595744680852,1.0,0.6341463414634146,0.2727272727272727,1.0,0.6356245380635624
hard,svm + naive_bayes + logistic_regression,3,0.6382978723404256,0.8453900709219858,0.8127659574468085,0.723404255319149,1.0,0.6271186440677966,0.3157894736842105,1.0,0.647636039250669
soft,svm + decision_tree + gradient_boosting,3,0.6382978723404256,0.8453900709219858,0.7829787234042553,0.7531914893617021,1.0,0.4631578947368421,0.17142857142857143,1.0,0.5448621553884712
hard,naive_bayes + extra_trees + gradient_boosting + sgd_classifier,4,0.6382978723404256,0.8453900709219858,0.8085106382978723,0.7574468085106383,0.9702127659574468,0.5714285714285714,0.14925373134328357,0.9523809523809523,0.5576877517176024
soft,knn + naive_bayes + decision_tree + gradient_boosting,4,0.6382978723404256,0.8453900709219858,0.7829787234042553,0.7531914893617021,1.0,0.48484848484848486,0.17142857142857143,1.0,0.5520923520923521
hard,knn + ridge_classifier + decision_tree + extra_trees + sgd_classifier,5,0.6382978723404256,0.8453900709219858,0.7957446808510639,0.7531914893617021,0.9872340425531915,0.5932203389830508,0.2564102564102564,0.9801324503311258,0.6099210152414777
soft,knn + logistic_regression + decision_tree + gradient_boosting + sgd_classifier,5,0.6382978723404256,0.8453900709219858,0.7957446808510639,0.7404255319148936,1.0,0.6,0.24691358024691357,1.0,0.6156378600823045
soft,knn + svm + logistic_regression + extra_trees + sgd_classifier,5,0.6382978723404256,0.8453900709219858,0.7957446808510639,0.7446808510638298,0.9957446808510638,0.6,0.2857142857142857,0.9934640522875817,0.6263927793339558
soft,knn + svm + random_forest + naive_bayes + logistic_regression,5,0.6382978723404256,0.8453900709219858,0.8042553191489362,0.7361702127659574,0.9957446808510638,0.5964912280701754,0.225,0.9934640522875817,0.6049850934525857
hard,knn + logistic_regression + ridge_classifier + decision_tree + extra_trees + sgd_classifier,6,0.6382978723404256,0.8453900709219858,0.7957446808510639,0.7531914893617021,0.9872340425531915,0.5932203389830508,0.2564102564102564,0.9801324503311258,0.6099210152414777
hard,knn + random_forest + ridge_classifier + decision_tree + extra_trees + sgd_classifier,6,0.6382978723404256,0.8453900709219858,0.7872340425531915,0.7617021276595745,0.9872340425531915,0.4791666666666667,0.17647058823529413,0.9801324503311258,0.5452565684110289
soft,knn + naive_bayes + logistic_regression + decision_tree + extra_trees + sgd_classifier,6,0.6382978723404256,0.8453900709219858,0.8,0.7361702127659574,1.0,0.5982905982905983,0.2619047619047619,1.0,0.62006512006512
soft,svm + naive_bayes + logistic_regression + extra_trees + gradient_boosting + sgd_classifier,6,0.6382978723404256,0.8453900709219858,0.7957446808510639,0.7404255319148936,1.0,0.5932203389830508,0.2823529411764706,1.0,0.6251910933865071
hard,random_forest + logistic_regression + ridge_classifier + decision_tree + extra_trees + gradient_boosting + sgd_classifier,7,0.6382978723404256,0.8453900709219858,0.7957446808510639,0.7404255319148936,1.0,0.625,0.24691358024691357,1.0,0.6239711934156379
hard,naive_bayes + logistic_regression + decision_tree + extra_trees,4,0.6382978723404256,0.8453900709219857,0.8127659574468085,0.7489361702127659,0.9744680851063829,0.5510204081632653,0.23376623376623376,0.9594594594594594,0.5814153671296528
hard,random_forest + naive_bayes + ridge_classifier + decision_tree + extra_trees + sgd_classifier,6,0.6382978723404256,0.8453900709219857,0.8042553191489362,0.7404255319148936,0.9914893617021276,0.5306122448979592,0.2077922077922078,0.9868421052631579,0.5750821859844416
hard,extra_trees + sgd_classifier,2,0.6382978723404256,0.8439716312056738,0.8085106382978723,0.7659574468085106,0.9574468085106383,0.4827586206896552,0.22535211267605634,0.9305555555555556,0.5462220963070891
hard,knn + random_forest + extra_trees,3,0.6382978723404256,0.8439716312056738,0.8042553191489362,0.7659574468085106,0.9617021276595744,0.5208333333333334,0.15384615384615385,0.9379310344827586,0.537536840554082
hard,naive_bayes + extra_trees + gradient_boosting,3,0.6382978723404256,0.8439716312056738,0.8042553191489362,0.7531914893617021,0.9744680851063829,0.5740740740740741,0.17142857142857143,0.9594594594594594,0.5683207016540349
soft,knn + naive_bayes + decision_tree,3,0.6382978723404256,0.8439716312056738,0.7872340425531915,0.7574468085106383,0.9872340425531915,0.5,0.2191780821917808,0.9801324503311258,0.5664368441743023
hard,knn + ridge_classifier + decision_tree + sgd_classifier,4,0.6382978723404256,0.8439716312056738,0.7957446808510639,0.7531914893617021,0.9829787234042553,0.5636363636363636,0.17142857142857143,0.9733333333333334,0.5694660894660895
hard,naive_bayes + logistic_regression + extra_trees + gradient_boosting,4,0.6382978723404256,0.8439716312056738,0.8042553191489362,0.7531914893617021,0.9744680851063829,0.5740740740740741,0.17142857142857143,0.9594594594594594,0.5683207016540349
hard,naive_bayes + ridge_classifier + decision_tree + extra_trees,4,0.6382978723404256,0.8439716312056738,0.8127659574468085,0.7489361702127659,0.9702127659574468,0.5510204081632653,0.23376623376623376,0.9523809523809523,0.5790558647701505
soft,knn + naive_bayes + extra_trees + gradient_boosting,4,0.6382978723404256,0.8439716312056738,0.7914893617021277,0.7617021276595745,0.9787234042553191,0.5420560747663551,0.2222222222222222,0.9664429530201343,0.5769070833362372
hard,random_forest + naive_bayes + ridge_classifier + decision_tree + extra_trees,5,0.6382978723404256,0.8439716312056738,0.8,0.7404255319148936,0.9914893617021276,0.5523809523809524,0.22784810126582278,0.9868421052631579,0.5890237196366443
hard,svm + naive_bayes + logistic_regression + extra_trees + sgd_classifier,5,0.6382978723404256,0.8439716312056738,0.8085106382978723,0.7276595744680852,0.9957446808510638,0.6086956521739131,0.3191489361702128,0.9934640522875817,0.6404362135439025
soft,knn + svm + naive_bayes + logistic_regression + decision_tree + sgd_classifier,6,0.6382978723404256,0.8439716312056738,0.7914893617021277,0.7404255319148936,1.0,0.5882352941176471,0.2077922077922078,1.0,0.5986758339699516
soft,random_forest + naive_bayes + logistic_regression + decision_tree + extra_trees + sgd_classifier,6,0.6382978723404256,0.8439716312056738,0.7957446808510639,0.7361702127659574,1.0,0.5862068965517241,0.27906976744186046,1.0,0.6217588879978615
soft,knn + naive_bayes + logistic_regression + decision_tree + extra_trees + gradient_boosting + sgd_classifier,7,0.6382978723404256,0.8439716312056738,0.7957446808510639,0.7361702127659574,1.0,0.5862068965517241,0.225,1.0,0.603735632183908
soft,knn + random_forest + naive_bayes + logistic_regression + decision_tree + gradient_boosting + sgd_classifier,7,0.6382978723404256,0.8439716312056738,0.8,0.7319148936170212,1.0,0.5982905982905983,0.20253164556962025,1.0,0.6002740812867394
hard,random_forest + naive_bayes + extra_trees,3,0.6382978723404256,0.8439716312056736,0.8085106382978723,0.7489361702127659,0.9744680851063829,0.5454545454545454,0.21333333333333335,0.9594594594594594,0.5727491127491128
soft,knn + extra_trees + gradient_boosting,3,0.6382978723404256,0.8425531914893618,0.7702127659574468,0.7659574468085106,0.9914893617021276,0.4489795918367347,0.12698412698412698,0.9868421052631579,0.5209352746946733
hard,knn + random_forest + ridge_classifier,3,0.6382978723404256,0.8425531914893617,0.7914893617021277,0.7489361702127659,0.9872340425531915,0.5739130434782609,0.1917808219178082,0.9801324503311258,0.5819421052423983
soft,naive_bayes + gradient_boosting + sgd_classifier,3,0.6382978723404256,0.8425531914893617,0.8085106382978723,0.7191489361702128,1.0,0.6153846153846154,0.25,1.0,0.6217948717948718
hard,knn + random_forest + logistic_regression + ridge_classifier,4,0.6382978723404256,0.8425531914893617,0.7914893617021277,0.7489361702127659,0.9872340425531915,0.5739130434782609,0.1917808219178082,0.9801324503311258,0.5819421052423983
hard,naive_bayes + ridge_classifier + extra_trees + gradient_boosting,4,0.6382978723404256,0.8425531914893617,0.8042553191489362,0.7531914893617021,0.9702127659574468,0.5740740740740741,0.17142857142857143,0.9523809523809523,0.5659611992945326
hard,svm + naive_bayes + ridge_classifier + sgd_classifier,4,0.6382978723404256,0.8425531914893617,0.8212765957446808,0.723404255319149,0.9829787234042553,0.6181818181818182,0.25287356321839083,0.9733333333333334,0.6147962382445141
hard,svm + random_forest + logistic_regression + ridge_classifier + extra_trees,5,0.6382978723404256,0.8425531914893617,0.7829787234042553,0.7446808510638298,1.0,0.5853658536585366,0.25,1.0,0.6117886178861789
soft,knn + random_forest + logistic_regression + decision_tree + gradient_boosting + sgd_classifier,6,0.6382978723404256,0.8425531914893617,0.7914893617021277,0.7361702127659574,1.0,0.5882352941176471,0.18421052631578946,1.0,0.5908152734778122
soft,knn + svm + random_forest + logistic_regression + decision_tree + sgd_classifier,6,0.6382978723404256,0.8425531914893617,0.7957446808510639,0.7319148936170212,1.0,0.5932203389830508,0.16,1.0,0.584406779661017
hard,svm + random_forest + naive_bayes + logistic_regression + ridge_classifier + decision_tree + extra_trees,7,0.6382978723404256,0.8425531914893617,0.7872340425531915,0.7404255319148936,1.0,0.5689655172413793,0.22784810126582278,1.0,0.5989378728357341
hard,logistic_regression + extra_trees,2,0.6382978723404256,0.8411347517730497,0.8085106382978723,0.7574468085106383,0.9574468085106383,0.5161290322580645,0.24,0.9305555555555556,0.5622281959378733
hard,random_forest + logistic_regression + ridge_classifier + extra_trees,4,0.6382978723404256,0.8411347517730497,0.7872340425531915,0.7446808510638298,0.9914893617021276,0.5283018867924528,0.25,0.9868421052631579,0.5883813306852036
soft,random_forest + logistic_regression + decision_tree + extra_trees + gradient_boosting + sgd_classifier,6,0.6382978723404256,0.8411347517730497,0.7872340425531915,0.7361702127659574,1.0,0.576271186440678,0.225,1.0,0.6004237288135593
hard,knn + svm + naive_bayes,3,0.6382978723404256,0.8411347517730495,0.8085106382978723,0.7659574468085106,0.948936170212766,0.5794392523364486,0.09836065573770492,0.9154929577464789,0.5310976219402108
hard,knn + svm + naive_bayes + logistic_regression,4,0.6382978723404256,0.8411347517730495,0.8085106382978723,0.7659574468085106,0.948936170212766,0.5794392523364486,0.09836065573770492,0.9154929577464789,0.5310976219402108
hard,knn + svm + naive_bayes + ridge_classifier,4,0.6382978723404256,0.8411347517730495,0.8085106382978723,0.7659574468085106,0.948936170212766,0.5794392523364486,0.09836065573770492,0.9154929577464789,0.5310976219402108
hard,ridge_classifier + extra_trees,2,0.6382978723404256,0.8397163120567376,0.8085106382978723,0.7574468085106383,0.9531914893617022,0.5161290322580645,0.24,0.9230769230769231,0.5597353184449959
hard,random_forest + naive_bayes + extra_trees + gradient_boosting,4,0.6340425531914894,0.8539007092198582,0.8212765957446808,0.7659574468085106,0.9744680851063829,0.5531914893617021,0.09836065573770492,0.9594594594594594,0.5370038681862889
hard,svm + naive_bayes + decision_tree + extra_trees,4,0.6340425531914894,0.852482269503546,0.825531914893617,0.7617021276595745,0.9702127659574468,0.5393258426966292,0.06666666666666667,0.9523809523809523,0.5194578205814161
hard,svm + naive_bayes + extra_trees + gradient_boosting,4,0.6340425531914894,0.851063829787234,0.8085106382978723,0.774468085106383,0.9702127659574468,0.5454545454545454,0.0,0.9523809523809523,0.49927849927849927
hard,knn + svm + random_forest + extra_trees,4,0.6340425531914894,0.8510638297872339,0.8212765957446808,0.7702127659574468,0.9617021276595744,0.5227272727272727,0.06896551724137931,0.9379310344827586,0.5098746081504703
hard,random_forest + extra_trees,2,0.6340425531914894,0.849645390070922,0.8212765957446808,0.7702127659574468,0.9574468085106383,0.4878048780487805,0.12903225806451613,0.9305555555555556,0.5157975638896174
hard,svm + naive_bayes + extra_trees + sgd_classifier,4,0.6340425531914894,0.8482269503546099,0.8170212765957446,0.7574468085106383,0.9702127659574468,0.5656565656565656,0.14925373134328357,0.9523809523809523,0.5557637497936004
hard,knn + svm + random_forest + naive_bayes + extra_trees + gradient_boosting,6,0.6340425531914894,0.8482269503546099,0.8042553191489362,0.7659574468085106,0.9744680851063829,0.54,0.03508771929824561,0.9594594594594594,0.5115157262525684
hard,knn + random_forest + extra_trees + gradient_boosting,4,0.6340425531914894,0.8468085106382978,0.8085106382978723,0.7702127659574468,0.9617021276595744,0.5054945054945055,0.06896551724137931,0.9379310344827586,0.5041303524062145
hard,knn + svm + extra_trees + gradient_boosting,4,0.6340425531914894,0.8468085106382978,0.8042553191489362,0.774468085106383,0.9617021276595744,0.5490196078431373,0.0,0.9379310344827586,0.4956502141086319
hard,naive_bayes + decision_tree + extra_trees + sgd_classifier,4,0.6340425531914894,0.8468085106382978,0.8170212765957446,0.7531914893617021,0.9702127659574468,0.5376344086021505,0.19444444444444445,0.9523809523809523,0.5614866018091824
soft,knn + svm + naive_bayes + decision_tree,4,0.6340425531914894,0.8468085106382978,0.7914893617021277,0.7531914893617021,0.9957446808510638,0.5148514851485149,0.14705882352941177,0.9934640522875817,0.5517914536551695
hard,knn + random_forest + naive_bayes + decision_tree + extra_trees + sgd_classifier,6,0.6340425531914894,0.8468085106382978,0.8042553191489362,0.7617021276595745,0.9744680851063829,0.5,0.17647058823529413,0.9594594594594594,0.5453100158982512
hard,knn + svm + random_forest + naive_bayes + extra_trees + sgd_classifier,6,0.6340425531914894,0.8468085106382978,0.8,0.7659574468085106,0.9744680851063829,0.5346534653465347,0.12698412698412698,0.9594594594594594,0.5403656839300404
soft,svm + random_forest + naive_bayes + logistic_regression + extra_trees + sgd_classifier,6,0.6340425531914894,0.8468085106382978,0.8,0.7404255319148936,1.0,0.5982905982905983,0.2988505747126437,1.0,0.6323803910010807
hard,svm + naive_bayes + logistic_regression + ridge_classifier + extra_trees + gradient_boosting + sgd_classifier,7,0.6340425531914894,0.8468085106382978,0.8127659574468085,0.7276595744680852,1.0,0.6451612903225806,0.3191489361702128,1.0,0.6547700754975978
hard,ridge_classifier + decision_tree,2,0.6340425531914894,0.8453900709219858,0.7957446808510639,0.7531914893617021,0.9872340425531915,0.4666666666666667,0.21621621621621623,0.9801324503311258,0.5543384444046696
soft,knn + decision_tree + extra_trees,3,0.6340425531914894,0.8453900709219858,0.774468085106383,0.7659574468085106,0.9957446808510638,0.4536082474226804,0.26666666666666666,0.9934640522875817,0.571246322125643
soft,knn + random_forest + naive_bayes,3,0.6340425531914894,0.8453900709219858,0.8,0.7489361702127659,0.9872340425531915,0.5523809523809524,0.23376623376623376,0.9801324503311258,0.588759878826104
soft,logistic_regression + extra_trees + gradient_boosting,3,0.6340425531914894,0.8453900709219858,0.7957446808510639,0.7404255319148936,1.0,0.625,0.32967032967032966,1.0,0.6515567765567766
hard,random_forest + naive_bayes + extra_trees + sgd_classifier,4,0.6340425531914894,0.8453900709219858,0.8127659574468085,0.7531914893617021,0.9702127659574468,0.5319148936170213,0.21621621621621623,0.9523809523809523,0.5668373540713966
soft,knn + naive_bayes + extra_trees + sgd_classifier,4,0.6340425531914894,0.8453900709219858,0.8042553191489362,0.7446808510638298,0.9872340425531915,0.5964912280701754,0.2857142857142857,0.9801324503311258,0.6207793213718623
hard,random_forest + logistic_regression + ridge_classifier + decision_tree + gradient_boosting,5,0.6340425531914894,0.8453900709219858,0.7872340425531915,0.7489361702127659,1.0,0.6153846153846154,0.25316455696202533,1.0,0.622849724115547
soft,knn + svm + logistic_regression + decision_tree + sgd_classifier,5,0.6340425531914894,0.8453900709219858,0.8,0.7361702127659574,1.0,0.5982905982905983,0.20512820512820512,1.0,0.6011396011396012
soft,svm + random_forest + logistic_regression + decision_tree + sgd_classifier,5,0.6340425531914894,0.8453900709219858,0.8,0.7361702127659574,1.0,0.5982905982905983,0.20512820512820512,1.0,0.6011396011396012
soft,knn + svm + random_forest + naive_bayes + logistic_regression + gradient_boosting + sgd_classifier,7,0.6340425531914894,0.8453900709219858,0.8,0.7361702127659574,1.0,0.5982905982905983,0.24390243902439024,1.0,0.6140643457716628
hard,knn + random_forest + naive_bayes + logistic_regression + extra_trees + sgd_classifier,6,0.6340425531914894,0.8453900709219857,0.8042553191489362,0.7574468085106383,0.9744680851063829,0.5740740740740741,0.24,0.9594594594594594,0.5911778445111778
soft,svm + random_forest + logistic_regression,3,0.6340425531914894,0.8439716312056738,0.8,0.7319148936170212,1.0,0.6115702479338843,0.25882352941176473,1.0,0.6234645924485497
hard,knn + random_forest + logistic_regression + extra_trees,4,0.6340425531914894,0.8439716312056738,0.8042553191489362,0.7659574468085106,0.9617021276595744,0.5106382978723404,0.15384615384615385,0.9379310344827586,0.5341384954004176
soft,svm + random_forest + naive_bayes + logistic_regression,4,0.6340425531914894,0.8439716312056738,0.8085106382978723,0.723404255319149,1.0,0.6086956521739131,0.25287356321839083,1.0,0.6205230717974346
hard,knn + random_forest + naive_bayes + extra_trees + sgd_classifier,5,0.6340425531914894,0.8439716312056738,0.8,0.7574468085106383,0.9744680851063829,0.5688073394495413,0.24,0.9594594594594594,0.5894222663030003
soft,knn + naive_bayes + logistic_regression + extra_trees + gradient_boosting,5,0.6340425531914894,0.8439716312056738,0.7957446808510639,0.7446808510638298,0.9914893617021276,0.5862068965517241,0.2857142857142857,0.9868421052631579,0.6195877625097226
soft,svm + random_forest + logistic_regression + gradient_boosting + sgd_classifier,5,0.6340425531914894,0.8439716312056738,0.8,0.7319148936170212,1.0,0.6178861788617886,0.25882352941176473,1.0,0.6255699027578511
hard,knn + random_forest + naive_bayes + ridge_classifier + extra_trees + sgd_classifier,6,0.6340425531914894,0.8439716312056738,0.8042553191489362,0.7574468085106383,0.9702127659574468,0.5740740740740741,0.24,0.9523809523809523,0.5888183421516754
hard,knn + svm + naive_bayes + decision_tree + extra_trees + sgd_classifier,6,0.6340425531914894,0.8439716312056738,0.7957446808510639,0.7617021276595745,0.9744680851063829,0.5384615384615384,0.125,0.9594594594594594,0.540973665973666
soft,knn + naive_bayes + logistic_regression + decision_tree + gradient_boosting + sgd_classifier,6,0.6340425531914894,0.8439716312056738,0.7914893617021277,0.7404255319148936,1.0,0.5950413223140496,0.24691358024691357,1.0,0.6139849675203211
soft,random_forest + naive_bayes + logistic_regression + decision_tree + gradient_boosting + sgd_classifier,6,0.6340425531914894,0.8439716312056738,0.7957446808510639,0.7361702127659574,1.0,0.5932203389830508,0.24390243902439024,1.0,0.6123742593358137
hard,knn + random_forest + naive_bayes + ridge_classifier + decision_tree + extra_trees + sgd_classifier,7,0.6340425531914894,0.8439716312056738,0.7957446808510639,0.7446808510638298,0.9914893617021276,0.5714285714285714,0.23076923076923078,0.9868421052631579,0.59634663582032
hard,knn + svm + naive_bayes + logistic_regression + ridge_classifier + gradient_boosting + sgd_classifier,7,0.6340425531914894,0.8439716312056738,0.8127659574468085,0.7191489361702128,1.0,0.639344262295082,0.26666666666666666,1.0,0.6353369763205828
hard,knn + random_forest + naive_bayes + logistic_regression + ridge_classifier + decision_tree + extra_trees + sgd_classifier,8,0.6340425531914894,0.8439716312056738,0.7957446808510639,0.7446808510638298,0.9914893617021276,0.5714285714285714,0.23076923076923078,0.9868421052631579,0.59634663582032
hard,random_forest + naive_bayes + logistic_regression + extra_trees,4,0.6340425531914894,0.8439716312056736,0.8085106382978723,0.7489361702127659,0.9744680851063829,0.5360824742268041,0.21333333333333335,0.9594594594594594,0.5696250890065323
soft,knn + svm + naive_bayes,3,0.6340425531914894,0.8425531914893618,0.7957446808510639,0.7574468085106383,0.9744680851063829,0.5384615384615384,0.12307692307692308,0.9594594594594594,0.5403326403326404
hard,knn + random_forest + ridge_classifier + extra_trees,4,0.6340425531914894,0.8425531914893618,0.8042553191489362,0.7659574468085106,0.9574468085106383,0.5106382978723404,0.15384615384615385,0.9305555555555556,0.5316800024246833
hard,knn + svm + naive_bayes + decision_tree + extra_trees,5,0.6340425531914894,0.8425531914893618,0.7957446808510639,0.7574468085106383,0.9744680851063829,0.5384615384615384,0.12307692307692308,0.9594594594594594,0.5403326403326404
hard,knn + svm + naive_bayes + logistic_regression + decision_tree + extra_trees,6,0.6340425531914894,0.8425531914893618,0.7957446808510639,0.7574468085106383,0.9744680851063829,0.5384615384615384,0.12307692307692308,0.9594594594594594,0.5403326403326404
hard,random_forest + naive_bayes + logistic_regression + ridge_classifier + decision_tree + extra_trees,6,0.6340425531914894,0.8425531914893618,0.7957446808510639,0.7404255319148936,0.9914893617021276,0.5384615384615384,0.22784810126582278,0.9868421052631579,0.5843839149968396
hard,knn + logistic_regression + ridge_classifier + decision_tree,4,0.6340425531914894,0.8425531914893617,0.7957446808510639,0.7446808510638298,0.9872340425531915,0.5932203389830508,0.25,0.9801324503311258,0.6077842631047256
hard,random_forest + naive_bayes + ridge_classifier + extra_trees,4,0.6340425531914894,0.8425531914893617,0.8085106382978723,0.7489361702127659,0.9702127659574468,0.5360824742268041,0.21333333333333335,0.9523809523809523,0.56726558664703
soft,knn + svm + logistic_regression + sgd_classifier,4,0.6340425531914894,0.8425531914893617,0.7957446808510639,0.7361702127659574,0.9957446808510638,0.6065573770491803,0.32608695652173914,0.9934640522875817,0.6420361286195004
hard,knn + naive_bayes + logistic_regression + decision_tree + extra_trees,5,0.6340425531914894,0.8425531914893617,0.7957446808510639,0.7531914893617021,0.9787234042553191,0.5714285714285714,0.2564102564102564,0.9664429530201343,0.5980939269529874
hard,knn + random_forest + naive_bayes + ridge_classifier + decision_tree,5,0.6340425531914894,0.8425531914893617,0.7914893617021277,0.7489361702127659,0.9872340425531915,0.5663716814159292,0.23376623376623376,0.9801324503311258,0.5934234551710963
hard,svm + random_forest + naive_bayes + logistic_regression + sgd_classifier,5,0.6340425531914894,0.8425531914893617,0.8085106382978723,0.7191489361702128,1.0,0.6218487394957983,0.2826086956521739,1.0,0.634819145049324
soft,random_forest + logistic_regression + decision_tree + gradient_boosting + sgd_classifier,5,0.6340425531914894,0.8425531914893617,0.7829787234042553,0.7446808510638298,1.0,0.5714285714285714,0.25,1.0,0.6071428571428571
hard,knn + random_forest + naive_bayes + logistic_regression + ridge_classifier + decision_tree,6,0.6340425531914894,0.8425531914893617,0.7914893617021277,0.7489361702127659,0.9872340425531915,0.5663716814159292,0.23376623376623376,0.9801324503311258,0.5934234551710963
hard,knn + random_forest + ridge_classifier + decision_tree,4,0.6340425531914894,0.8411347517730497,0.7829787234042553,0.7531914893617021,0.9872340425531915,0.43956043956043955,0.09375,0.9801324503311258,0.5044809632971884
hard,knn + naive_bayes + ridge_classifier + decision_tree + extra_trees,5,0.6340425531914894,0.8411347517730497,0.7957446808510639,0.7531914893617021,0.9744680851063829,0.5714285714285714,0.2564102564102564,0.9594594594594594,0.5957660957660957
soft,random_forest + naive_bayes + logistic_regression + decision_tree + gradient_boosting,5,0.6340425531914894,0.8411347517730497,0.7872340425531915,0.7361702127659574,1.0,0.5614035087719298,0.20512820512820512,1.0,0.5888439046333783
hard,knn + naive_bayes + logistic_regression + ridge_classifier + decision_tree + extra_trees,6,0.6340425531914894,0.8411347517730497,0.7957446808510639,0.7531914893617021,0.9744680851063829,0.5714285714285714,0.2564102564102564,0.9594594594594594,0.5957660957660957
hard,knn + svm + naive_bayes + ridge_classifier + decision_tree + extra_trees,6,0.6340425531914894,0.8411347517730497,0.7957446808510639,0.7574468085106383,0.9702127659574468,0.5384615384615384,0.12307692307692308,0.9523809523809523,0.537973137973138
soft,knn + naive_bayes + logistic_regression + decision_tree,4,0.6340425531914894,0.8411347517730495,0.7872340425531915,0.7404255319148936,0.9957446808510638,0.576271186440678,0.26506024096385544,0.9934640522875817,0.611598493230705
soft,knn + svm + naive_bayes + extra_trees,4,0.6340425531914894,0.8411347517730495,0.7957446808510639,0.7659574468085106,0.9617021276595744,0.5294117647058824,0.1791044776119403,0.9379310344827586,0.5488157589335271
hard,knn + svm + naive_bayes + logistic_regression + sgd_classifier,5,0.6340425531914894,0.8411347517730495,0.8085106382978723,0.7191489361702128,0.9957446808510638,0.6017699115044248,0.26666666666666666,0.9934640522875817,0.6206335434862243
soft,random_forest + naive_bayes + logistic_regression + extra_trees,4,0.6340425531914894,0.8397163120567376,0.8042553191489362,0.7148936170212766,1.0,0.5964912280701754,0.29473684210526313,1.0,0.6304093567251462
soft,knn + svm + random_forest + naive_bayes + logistic_regression + decision_tree,6,0.6340425531914894,0.8382978723404255,0.7829787234042553,0.7319148936170212,1.0,0.5486725663716814,0.136986301369863,1.0,0.5618862892471815
hard,svm + random_forest + naive_bayes + extra_trees,4,0.6297872340425532,0.8539007092198582,0.825531914893617,0.7659574468085106,0.9702127659574468,0.5494505494505495,0.09836065573770492,0.9523809523809523,0.5333973858564023
hard,knn + random_forest + naive_bayes + decision_tree + extra_trees + gradient_boosting,6,0.6297872340425532,0.8510638297872339,0.8127659574468085,0.7617021276595745,0.9787234042553191,0.5217391304347826,0.06666666666666667,0.9664429530201343,0.5182829167071945
hard,svm + extra_trees,2,0.6297872340425532,0.849645390070922,0.8170212765957446,0.774468085106383,0.9574468085106383,0.4819277108433735,0.0,0.9305555555555556,0.47082775546630967
soft,knn + random_forest + logistic_regression + extra_trees + gradient_boosting + sgd_classifier,6,0.6297872340425532,0.8482269503546099,0.8042553191489362,0.7404255319148936,1.0,0.6229508196721312,0.3146067415730337,1.0,0.645852520415055
hard,extra_trees + gradient_boosting,2,0.6297872340425532,0.846808510638298,0.8085106382978723,0.774468085106383,0.9574468085106383,0.4827586206896552,0.0,0.9305555555555556,0.47110472541507026
soft,knn + svm + extra_trees,3,0.6297872340425532,0.846808510638298,0.7957446808510639,0.774468085106383,0.9702127659574468,0.52,0.03636363636363636,0.9523809523809523,0.5029148629148629
hard,knn + logistic_regression + ridge_classifier + decision_tree + extra_trees,5,0.6297872340425532,0.8468085106382978,0.8042553191489362,0.7446808510638298,0.9914893617021276,0.6349206349206349,0.3333333333333333,0.9868421052631579,0.6516986911723753
hard,naive_bayes + logistic_regression + extra_trees + gradient_boosting + sgd_classifier,5,0.6297872340425532,0.8468085106382978,0.8127659574468085,0.7276595744680852,1.0,0.6333333333333333,0.3191489361702128,1.0,0.6508274231678487
hard,svm + naive_bayes + extra_trees,3,0.6297872340425532,0.8453900709219858,0.8127659574468085,0.7531914893617021,0.9702127659574468,0.5686274509803921,0.17142857142857143,0.9523809523809523,0.5641456582633053
soft,random_forest + logistic_regression + decision_tree,3,0.6297872340425532,0.8453900709219858,0.8,0.7361702127659574,1.0,0.5252525252525253,0.24390243902439024,1.0,0.5897183214256385
hard,svm + naive_bayes + logistic_regression + extra_trees,4,0.6297872340425532,0.8453900709219858,0.8127659574468085,0.7531914893617021,0.9702127659574468,0.5686274509803921,0.17142857142857143,0.9523809523809523,0.5641456582633053
soft,knn + logistic_regression + extra_trees + gradient_boosting + sgd_classifier,5,0.6297872340425532,0.8453900709219858,0.8042553191489362,0.7319148936170212,1.0,0.6290322580645161,0.3076923076923077,1.0,0.6455748552522746
soft,svm + naive_bayes,2,0.6297872340425532,0.8453900709219857,0.7829787234042553,0.7617021276595745,0.9914893617021276,0.5142857142857142,0.125,0.9868421052631579,0.5420426065162908
soft,svm + logistic_regression,2,0.6297872340425532,0.8439716312056738,0.7957446808510639,0.7404255319148936,0.9957446808510638,0.6065573770491803,0.35789473684210527,0.9934640522875817,0.6526387220596225
hard,svm + logistic_regression + sgd_classifier,3,0.6297872340425532,0.8439716312056738,0.8127659574468085,0.723404255319149,0.9957446808510638,0.65625,0.38095238095238093,0.9934640522875817,0.6768888110799876
soft,naive_bayes + logistic_regression + decision_tree,3,0.6297872340425532,0.8439716312056738,0.7957446808510639,0.7361702127659574,1.0,0.5862068965517241,0.29545454545454547,1.0,0.6272204806687566
soft,random_forest + gradient_boosting + sgd_classifier,3,0.6297872340425532,0.8439716312056738,0.8,0.7319148936170212,1.0,0.6115702479338843,0.24096385542168675,1.0,0.6175113677851903
hard,svm + naive_bayes + ridge_classifier + extra_trees,4,0.6297872340425532,0.8439716312056738,0.8127659574468085,0.7531914893617021,0.9659574468085106,0.5686274509803921,0.17142857142857143,0.9452054794520548,0.5617538339536728
soft,knn + naive_bayes + decision_tree + extra_trees,4,0.6297872340425532,0.8439716312056738,0.7914893617021277,0.7489361702127659,0.9914893617021276,0.5050505050505051,0.1917808219178082,0.9868421052631579,0.5612244774104904
soft,svm + logistic_regression + extra_trees + sgd_classifier,4,0.6297872340425532,0.8439716312056738,0.8,0.7361702127659574,0.9957446808510638,0.6115702479338843,0.32608695652173914,0.9934640522875817,0.6437070855810684
hard,knn + naive_bayes + decision_tree + extra_trees + sgd_classifier,5,0.6297872340425532,0.8439716312056738,0.8042553191489362,0.7531914893617021,0.9744680851063829,0.5740740740740741,0.21621621621621623,0.9594594594594594,0.58324991658325
hard,knn + naive_bayes + logistic_regression + gradient_boosting + sgd_classifier,5,0.6297872340425532,0.8439716312056738,0.8127659574468085,0.7191489361702128,1.0,0.6271186440677966,0.26666666666666666,1.0,0.6312617702448211
hard,svm + random_forest + logistic_regression + ridge_classifier + decision_tree,5,0.6297872340425532,0.8439716312056738,0.7829787234042553,0.7489361702127659,1.0,0.592,0.25316455696202533,1.0,0.6150548523206751
hard,knn + naive_bayes + logistic_regression + decision_tree + extra_trees + sgd_classifier,6,0.6297872340425532,0.8439716312056738,0.8042553191489362,0.7531914893617021,0.9744680851063829,0.5740740740740741,0.21621621621621623,0.9594594594594594,0.58324991658325
hard,naive_bayes + decision_tree + sgd_classifier,3,0.6297872340425532,0.8425531914893618,0.8,0.7276595744680852,1.0,0.5765765765765766,0.28888888888888886,1.0,0.6218218218218218
hard,naive_bayes + logistic_regression + decision_tree + sgd_classifier,4,0.6297872340425532,0.8425531914893618,0.8,0.7276595744680852,1.0,0.5765765765765766,0.28888888888888886,1.0,0.6218218218218218
soft,svm + random_forest + logistic_regression + sgd_classifier,4,0.6297872340425532,0.8425531914893618,0.8,0.7276595744680852,1.0,0.624,0.3333333333333333,1.0,0.6524444444444445
soft,logistic_regression + decision_tree + gradient_boosting,3,0.6297872340425532,0.8425531914893617,0.7829787234042553,0.7446808510638298,1.0,0.49504950495049505,0.23076923076923078,1.0,0.5752729119065753
hard,naive_bayes + ridge_classifier + gradient_boosting + sgd_classifier,4,0.6297872340425532,0.8425531914893617,0.8170212765957446,0.723404255319149,0.9872340425531915,0.6324786324786325,0.25287356321839083,0.9801324503311258,0.6218282153427164
hard,knn + naive_bayes + logistic_regression + decision_tree + sgd_classifier,5,0.6297872340425532,0.8425531914893617,0.8085106382978723,0.7191489361702128,1.0,0.6086956521739131,0.2826086956521739,1.0,0.6304347826086957
hard,knn + naive_bayes + ridge_classifier + decision_tree + extra_trees + sgd_classifier,6,0.6297872340425532,0.8425531914893617,0.8042553191489362,0.7531914893617021,0.9702127659574468,0.5740740740740741,0.21621621621621623,0.9523809523809523,0.5808904142237475
hard,knn + random_forest + naive_bayes + ridge_classifier + decision_tree + sgd_classifier,6,0.6297872340425532,0.8425531914893617,0.7914893617021277,0.7489361702127659,0.9872340425531915,0.5420560747663551,0.1917808219178082,0.9801324503311258,0.571323115671763
soft,knn + random_forest + naive_bayes + logistic_regression + decision_tree + sgd_classifier,6,0.6297872340425532,0.8425531914893617,0.7957446808510639,0.7319148936170212,1.0,0.5932203389830508,0.25882352941176473,1.0,0.6173479561316052
hard,knn + svm + naive_bayes + logistic_regression + ridge_classifier + decision_tree + sgd_classifier,7,0.6297872340425532,0.8425531914893617,0.8085106382978723,0.7191489361702128,1.0,0.6218487394957983,0.2826086956521739,1.0,0.634819145049324
soft,naive_bayes + gradient_boosting,2,0.6297872340425532,0.8411347517730497,0.8,0.7319148936170212,0.9914893617021276,0.5688073394495413,0.20253164556962025,0.9868421052631579,0.5860603634274398
hard,knn + ridge_classifier + decision_tree,3,0.6297872340425532,0.8411347517730497,0.7957446808510639,0.7404255319148936,0.9872340425531915,0.5932203389830508,0.24691358024691357,0.9801324503311258,0.6067554565203634
soft,knn + logistic_regression + decision_tree,3,0.6297872340425532,0.8411347517730497,0.7702127659574468,0.7531914893617021,1.0,0.509090909090909,0.2564102564102564,1.0,0.5885003885003884
soft,knn + random_forest + sgd_classifier,3,0.6297872340425532,0.8411347517730497,0.7914893617021277,0.7319148936170212,1.0,0.5811965811965812,0.2222222222222222,1.0,0.6011396011396012
hard,svm + naive_bayes + logistic_regression + ridge_classifier,4,0.6297872340425532,0.8411347517730497,0.8127659574468085,0.723404255319149,0.9872340425531915,0.6271186440677966,0.3157894736842105,0.9801324503311258,0.6410135226943776
hard,svm + naive_bayes + ridge_classifier + extra_trees + sgd_classifier,5,0.6297872340425532,0.8411347517730497,0.8085106382978723,0.7276595744680852,0.9872340425531915,0.6086956521739131,0.3191489361702128,0.9801324503311258,0.6359923462250839
hard,svm + random_forest + naive_bayes + ridge_classifier + sgd_classifier,5,0.6297872340425532,0.8411347517730497,0.8042553191489362,0.7191489361702128,1.0,0.6101694915254238,0.2826086956521739,1.0,0.6309260623925326
hard,svm + naive_bayes + logistic_regression + ridge_classifier + extra_trees + sgd_classifier,6,0.6297872340425532,0.8411347517730497,0.8085106382978723,0.7276595744680852,0.9872340425531915,0.6086956521739131,0.3191489361702128,0.9801324503311258,0.6359923462250839
hard,svm + random_forest + naive_bayes + logistic_regression + ridge_classifier + sgd_classifier,6,0.6297872340425532,0.8411347517730497,0.8042553191489362,0.7191489361702128,1.0,0.6101694915254238,0.2826086956521739,1.0,0.6309260623925326
soft,knn + svm + naive_bayes + logistic_regression + gradient_boosting + sgd_classifier,6,0.6297872340425532,0.8411347517730497,0.7957446808510639,0.7276595744680852,1.0,0.5932203389830508,0.2,1.0,0.5977401129943503
soft,svm + random_forest + naive_bayes + logistic_regression + gradient_boosting + sgd_classifier,6,0.6297872340425532,0.8411347517730497,0.8042553191489362,0.7191489361702128,1.0,0.6101694915254238,0.25,1.0,0.6200564971751413
hard,knn + random_forest + naive_bayes + logistic_regression + extra_trees,5,0.6297872340425532,0.8411347517730495,0.7914893617021277,0.7531914893617021,0.9787234042553191,0.5585585585585585,0.23684210526315788,0.9664429530201343,0.5872812056139503
soft,knn + svm + logistic_regression,3,0.6297872340425532,0.8397163120567376,0.7957446808510639,0.7319148936170212,0.9914893617021276,0.6,0.2222222222222222,0.9868421052631579,0.6030214424951267
soft,random_forest + logistic_regression + extra_trees,3,0.6297872340425532,0.8397163120567376,0.7957446808510639,0.723404255319149,1.0,0.6129032258064516,0.3157894736842105,1.0,0.6428975664968873
hard,knn + logistic_regression + extra_trees + sgd_classifier,4,0.6297872340425532,0.8397163120567376,0.7957446808510639,0.7617021276595745,0.9617021276595744,0.5636363636363636,0.24324324324324326,0.9379310344827586,0.5816035471207885
hard,knn + random_forest + naive_bayes + logistic_regression + sgd_classifier,5,0.6297872340425532,0.8397163120567376,0.8042553191489362,0.7148936170212766,1.0,0.603448275862069,0.27956989247311825,1.0,0.6276727227783957
hard,knn + random_forest + naive_bayes + ridge_classifier + extra_trees,5,0.6297872340425532,0.8397163120567376,0.7914893617021277,0.7531914893617021,0.9744680851063829,0.5585585585585585,0.23684210526315788,0.9594594594594594,0.5849533744270586
soft,knn + random_forest + logistic_regression + decision_tree + sgd_classifier,5,0.6297872340425532,0.8397163120567376,0.7914893617021277,0.7276595744680852,1.0,0.5950413223140496,0.21951219512195122,1.0,0.6048511724786669
hard,knn + random_forest + naive_bayes + logistic_regression + ridge_classifier + extra_trees,6,0.6297872340425532,0.8397163120567376,0.7914893617021277,0.7531914893617021,0.9744680851063829,0.5585585585585585,0.23684210526315788,0.9594594594594594,0.5849533744270586
hard,knn + decision_tree + extra_trees,3,0.6297872340425532,0.8382978723404255,0.7957446808510639,0.7574468085106383,0.9617021276595744,0.4782608695652174,0.12307692307692308,0.9379310344827586,0.513089609041633
hard,knn + extra_trees + sgd_classifier,3,0.6297872340425532,0.8382978723404255,0.7914893617021277,0.7617021276595745,0.9617021276595744,0.5585585585585585,0.24324324324324326,0.9379310344827586,0.5799109454281868
hard,knn + ridge_classifier + extra_trees + sgd_classifier,4,0.6297872340425532,0.8382978723404255,0.7957446808510639,0.7617021276595745,0.9574468085106383,0.5636363636363636,0.24324324324324326,0.9305555555555556,0.5791450541450541
soft,naive_bayes + logistic_regression + extra_trees + gradient_boosting,4,0.6297872340425532,0.8382978723404255,0.7957446808510639,0.7191489361702128,1.0,0.5932203389830508,0.2826086956521739,1.0,0.6252763448784082
soft,knn + extra_trees + sgd_classifier,3,0.6297872340425532,0.8368794326241135,0.7957446808510639,0.723404255319149,0.9914893617021276,0.5789473684210527,0.19753086419753085,0.9868421052631579,0.5877734459605805
soft,naive_bayes + extra_trees + sgd_classifier,3,0.6297872340425532,0.8368794326241135,0.7957446808510639,0.7319148936170212,0.9829787234042553,0.5862068965517241,0.29213483146067415,0.9736842105263158,0.6173419795129047
hard,knn + logistic_regression + extra_trees,3,0.6297872340425532,0.8354609929078013,0.7914893617021277,0.7531914893617021,0.9617021276595744,0.5739130434782609,0.2564102564102564,0.9379310344827586,0.5894181114570919
hard,knn + ridge_classifier + extra_trees,3,0.6297872340425532,0.8340425531914893,0.7914893617021277,0.7531914893617021,0.9574468085106383,0.5739130434782609,0.2564102564102564,0.9305555555555556,0.5869596184813576
hard,knn + logistic_regression + ridge_classifier + extra_trees,4,0.6297872340425532,0.8340425531914893,0.7914893617021277,0.7531914893617021,0.9574468085106383,0.5739130434782609,0.2564102564102564,0.9305555555555556,0.5869596184813576
hard,knn + svm + random_forest + naive_bayes + decision_tree + extra_trees,6,0.625531914893617,0.851063829787234,0.8170212765957446,0.7617021276595745,0.9744680851063829,0.5168539325842697,0.06666666666666667,0.9594594594594594,0.5143266862367986
hard,knn + svm + decision_tree + extra_trees,4,0.625531914893617,0.8468085106382978,0.8042553191489362,0.774468085106383,0.9617021276595744,0.46511627906976744,0.07017543859649122,0.9379310344827586,0.49107425071633903
hard,knn + decision_tree + extra_trees + gradient_boosting,4,0.625531914893617,0.8453900709219858,0.8,0.774468085106383,0.9617021276595744,0.45977011494252873,0.07017543859649122,0.9379310344827586,0.48929219600725954
hard,naive_bayes + logistic_regression + decision_tree + gradient_boosting + sgd_classifier,5,0.625531914893617,0.8453900709219858,0.8085106382978723,0.7276595744680852,1.0,0.64,0.28888888888888886,1.0,0.642962962962963
hard,naive_bayes + ridge_classifier + decision_tree + gradient_boosting + sgd_classifier,5,0.625531914893617,0.8453900709219858,0.8085106382978723,0.7276595744680852,1.0,0.64,0.28888888888888886,1.0,0.642962962962963
hard,naive_bayes + logistic_regression + ridge_classifier + decision_tree + gradient_boosting + sgd_classifier,6,0.625531914893617,0.8453900709219858,0.8085106382978723,0.7276595744680852,1.0,0.64,0.28888888888888886,1.0,0.642962962962963
hard,knn + svm + naive_bayes + gradient_boosting,4,0.625531914893617,0.8439716312056738,0.8085106382978723,0.774468085106383,0.948936170212766,0.5631067961165048,0.0,0.9154929577464789,0.49286658462099453
soft,knn + svm + naive_bayes + logistic_regression,4,0.625531914893617,0.8439716312056738,0.8042553191489362,0.7319148936170212,0.9957446808510638,0.5964912280701754,0.27586206896551724,0.9934640522875817,0.6219391164410915
hard,svm + naive_bayes + logistic_regression + ridge_classifier + decision_tree + gradient_boosting + sgd_classifier,7,0.625531914893617,0.8439716312056738,0.8042553191489362,0.7276595744680852,1.0,0.6349206349206349,0.28888888888888886,1.0,0.6412698412698412
soft,knn + random_forest + naive_bayes + logistic_regression + extra_trees + gradient_boosting + sgd_classifier,7,0.625531914893617,0.8439716312056738,0.8,0.7319148936170212,1.0,0.5982905982905983,0.29213483146067415,1.0,0.6301418099170908
hard,svm + naive_bayes + logistic_regression + ridge_classifier + decision_tree + extra_trees + sgd_classifier,7,0.625531914893617,0.8425531914893618,0.8,0.7276595744680852,1.0,0.6178861788617886,0.3333333333333333,1.0,0.6504065040650406
hard,logistic_regression + sgd_classifier,2,0.625531914893617,0.8425531914893617,0.8085106382978723,0.723404255319149,0.9957446808510638,0.6341463414634146,0.38095238095238093,0.9934640522875817,0.6695209249011258
hard,svm + ridge_classifier + sgd_classifier,3,0.625531914893617,0.8425531914893617,0.8085106382978723,0.723404255319149,0.9957446808510638,0.6456692913385826,0.38095238095238093,0.9934640522875817,0.6733619081928485
hard,svm + logistic_regression + ridge_classifier + sgd_classifier,4,0.625531914893617,0.8425531914893617,0.8085106382978723,0.723404255319149,0.9957446808510638,0.6456692913385826,0.38095238095238093,0.9934640522875817,0.6733619081928485
soft,knn + naive_bayes + logistic_regression + decision_tree + sgd_classifier,5,0.625531914893617,0.8425531914893617,0.7957446808510639,0.7319148936170212,1.0,0.6065573770491803,0.29213483146067415,1.0,0.6328974028366182
hard,random_forest + naive_bayes + logistic_regression + gradient_boosting + sgd_classifier,5,0.625531914893617,0.8411347517730497,0.8042553191489362,0.7191489361702128,1.0,0.6349206349206349,0.2826086956521739,1.0,0.6391764435242696
soft,knn + svm + naive_bayes + logistic_regression + extra_trees + sgd_classifier,6,0.625531914893617,0.8411347517730497,0.8042553191489362,0.7276595744680852,0.9914893617021276,0.603448275862069,0.2558139534883721,0.9868421052631579,0.6153681115378663
hard,random_forest + naive_bayes + logistic_regression,3,0.625531914893617,0.8397163120567376,0.7957446808510639,0.723404255319149,1.0,0.5862068965517241,0.32989690721649484,1.0,0.6387012679227396
soft,knn + naive_bayes + sgd_classifier,3,0.625531914893617,0.8397163120567376,0.8170212765957446,0.7148936170212766,0.9872340425531915,0.6324786324786325,0.26373626373626374,0.9801324503311258,0.6254491155153407
hard,knn + decision_tree + extra_trees + sgd_classifier,4,0.625531914893617,0.8397163120567376,0.7957446808510639,0.7617021276595745,0.9617021276595744,0.45454545454545453,0.125,0.9379310344827586,0.5058254963427378
hard,random_forest + naive_bayes + logistic_regression + sgd_classifier,4,0.625531914893617,0.8397163120567376,0.8,0.7191489361702128,1.0,0.5765765765765766,0.2826086956521739,1.0,0.6197284240762502
hard,naive_bayes + logistic_regression + decision_tree + extra_trees + sgd_classifier,5,0.625531914893617,0.8397163120567376,0.7914893617021277,0.7276595744680852,1.0,0.5811965811965812,0.3333333333333333,1.0,0.6381766381766382
soft,knn + random_forest + naive_bayes + logistic_regression + gradient_boosting,5,0.625531914893617,0.8397163120567376,0.8042553191489362,0.7148936170212766,1.0,0.603448275862069,0.24719101123595505,1.0,0.6168797623660079
soft,random_forest + logistic_regression + extra_trees + gradient_boosting + sgd_classifier,5,0.625531914893617,0.8397163120567376,0.7914893617021277,0.7276595744680852,1.0,0.6141732283464567,0.3333333333333333,1.0,0.6491688538932633
hard,knn + random_forest + naive_bayes + logistic_regression + ridge_classifier + decision_tree + extra_trees,7,0.625531914893617,0.8397163120567376,0.7829787234042553,0.7446808510638298,0.9914893617021276,0.5641025641025641,0.25,0.9868421052631579,0.600314889788574
hard,random_forest + naive_bayes + sgd_classifier,3,0.625531914893617,0.8382978723404255,0.7957446808510639,0.7191489361702128,1.0,0.5714285714285714,0.2826086956521739,1.0,0.6180124223602484
soft,random_forest + naive_bayes + logistic_regression + gradient_boosting,4,0.625531914893617,0.8382978723404255,0.8085106382978723,0.7063829787234043,1.0,0.6153846153846154,0.2736842105263158,1.0,0.6296896086369771
hard,knn + random_forest + logistic_regression + ridge_classifier + extra_trees,5,0.625531914893617,0.8382978723404255,0.7829787234042553,0.7404255319148936,0.9914893617021276,0.5785123966942148,0.26506024096385544,0.9868421052631579,0.6101382476404095
hard,knn + svm + random_forest + naive_bayes + logistic_regression + ridge_classifier + sgd_classifier,7,0.625531914893617,0.8382978723404255,0.8,0.7148936170212766,1.0,0.6050420168067226,0.27956989247311825,1.0,0.628203969759947
hard,knn + logistic_regression + decision_tree + extra_trees,4,0.625531914893617,0.8368794326241135,0.7914893617021277,0.7574468085106383,0.9617021276595744,0.46153846153846156,0.12307692307692308,0.9379310344827586,0.5075154730327144
hard,knn + svm + naive_bayes + ridge_classifier + sgd_classifier,5,0.625531914893617,0.8368794326241135,0.8085106382978723,0.7191489361702128,0.9829787234042553,0.6017699115044248,0.26666666666666666,0.9733333333333334,0.6139233038348083
soft,svm + naive_bayes + logistic_regression + extra_trees + sgd_classifier,5,0.625531914893617,0.8368794326241135,0.7957446808510639,0.7191489361702128,0.9957446808510638,0.5932203389830508,0.2826086956521739,0.9934640522875817,0.6230976956409354
hard,knn + svm + naive_bayes + logistic_regression + ridge_classifier + sgd_classifier,6,0.625531914893617,0.8368794326241135,0.8085106382978723,0.7191489361702128,0.9829787234042553,0.6017699115044248,0.26666666666666666,0.9733333333333334,0.6139233038348083
hard,knn + ridge_classifier + decision_tree + extra_trees,4,0.625531914893617,0.8354609929078015,0.7914893617021277,0.7574468085106383,0.9574468085106383,0.46153846153846156,0.12307692307692308,0.9305555555555556,0.5050569800569801
soft,svm + naive_bayes + logistic_regression + gradient_boosting + sgd_classifier,5,0.625531914893617,0.8354609929078015,0.8,0.7063829787234043,1.0,0.6115702479338843,0.24175824175824176,1.0,0.6177761632307087
hard,svm + naive_bayes + ridge_classifier,3,0.625531914893617,0.8354609929078013,0.8170212765957446,0.723404255319149,0.9659574468085106,0.6386554621848739,0.3157894736842105,0.9487179487179487,0.6343876281956776
soft,svm + naive_bayes + logistic_regression,3,0.625531914893617,0.8340425531914893,0.7957446808510639,0.7106382978723405,0.9957446808510638,0.5862068965517241,0.2765957446808511,0.9934640522875817,0.618755564506719
hard,naive_bayes + gradient_boosting,2,0.6212765957446809,0.8439716312056738,0.8127659574468085,0.774468085106383,0.9446808510638298,0.56,0.0,0.9078014184397163,0.48926713947990547
hard,naive_bayes + logistic_regression + gradient_boosting,3,0.6212765957446809,0.8439716312056738,0.8085106382978723,0.723404255319149,1.0,0.6456692913385826,0.3157894736842105,1.0,0.653819588340931
hard,knn + random_forest + decision_tree + extra_trees,4,0.6212765957446809,0.8439716312056738,0.8085106382978723,0.7617021276595745,0.9617021276595744,0.4578313253012048,0.06666666666666667,0.9379310344827586,0.48747634215021
hard,naive_bayes + ridge_classifier + extra_trees + gradient_boosting + sgd_classifier,5,0.6212765957446809,0.8439716312056738,0.8127659574468085,0.7276595744680852,0.9914893617021276,0.6333333333333333,0.3191489361702128,0.9868421052631579,0.646441458255568
hard,svm + naive_bayes + logistic_regression + ridge_classifier + gradient_boosting,5,0.6212765957446809,0.8439716312056738,0.8085106382978723,0.723404255319149,1.0,0.6456692913385826,0.3157894736842105,1.0,0.653819588340931
hard,naive_bayes + logistic_regression + ridge_classifier + extra_trees + gradient_boosting + sgd_classifier,6,0.6212765957446809,0.8439716312056738,0.8127659574468085,0.7276595744680852,0.9914893617021276,0.6333333333333333,0.3191489361702128,0.9868421052631579,0.646441458255568
soft,random_forest + naive_bayes + logistic_regression + decision_tree + sgd_classifier,5,0.6212765957446809,0.8425531914893618,0.8,0.7276595744680852,1.0,0.6050420168067226,0.30434782608695654,1.0,0.6364632809645597
soft,naive_bayes + logistic_regression + decision_tree + sgd_classifier,4,0.6212765957446809,0.8425531914893617,0.7914893617021277,0.7361702127659574,1.0,0.5950413223140496,0.32608695652173914,1.0,0.6403760929452629
soft,naive_bayes + logistic_regression + decision_tree + gradient_boosting + sgd_classifier,5,0.6212765957446809,0.8425531914893617,0.7914893617021277,0.7361702127659574,1.0,0.5882352941176471,0.27906976744186046,1.0,0.6224350205198358
hard,knn + random_forest + naive_bayes + gradient_boosting,4,0.6212765957446809,0.8411347517730497,0.8042553191489362,0.7659574468085106,0.9531914893617022,0.54,0.03508771929824561,0.9230769230769231,0.49938821412505624
soft,knn + svm + random_forest + logistic_regression + sgd_classifier,5,0.6212765957446809,0.8411347517730497,0.8,0.723404255319149,1.0,0.6050420168067226,0.25287356321839083,1.0,0.6193051933417045
soft,svm + logistic_regression + sgd_classifier,3,0.6212765957446809,0.8411347517730495,0.8085106382978723,0.7191489361702128,0.9957446808510638,0.6341463414634146,0.35294117647058826,0.9934640522875817,0.6601838567405282
hard,knn + random_forest + extra_trees + sgd_classifier,4,0.6212765957446809,0.8411347517730495,0.7957446808510639,0.7659574468085106,0.9617021276595744,0.4782608695652174,0.12698412698412698,0.9379310344827586,0.5143920103440344
soft,decision_tree + sgd_classifier,2,0.6212765957446809,0.8397163120567376,0.774468085106383,0.7446808510638298,1.0,0.46464646464646464,0.2682926829268293,1.0,0.5776463825244313
hard,knn + naive_bayes + ridge_classifier + gradient_boosting + sgd_classifier,5,0.6212765957446809,0.8397163120567376,0.8127659574468085,0.7191489361702128,0.9872340425531915,0.6271186440677966,0.26666666666666666,0.9801324503311258,0.6246392536885298
hard,random_forest + naive_bayes + ridge_classifier + gradient_boosting + sgd_classifier,5,0.6212765957446809,0.8397163120567376,0.8,0.7191489361702128,1.0,0.624,0.2826086956521739,1.0,0.635536231884058
hard,svm + random_forest + naive_bayes + logistic_regression + ridge_classifier,5,0.6212765957446809,0.8397163120567376,0.7957446808510639,0.723404255319149,1.0,0.6065573770491803,0.32989690721649484,1.0,0.6454847614218917
hard,knn + naive_bayes + logistic_regression + ridge_classifier + gradient_boosting + sgd_classifier,6,0.6212765957446809,0.8397163120567376,0.8127659574468085,0.7191489361702128,0.9872340425531915,0.6271186440677966,0.26666666666666666,0.9801324503311258,0.6246392536885298
hard,random_forest + naive_bayes + logistic_regression + ridge_classifier + gradient_boosting + sgd_classifier,6,0.6212765957446809,0.8397163120567376,0.8,0.7191489361702128,1.0,0.624,0.2826086956521739,1.0,0.635536231884058
hard,svm + random_forest + naive_bayes + logistic_regression + ridge_classifier + decision_tree + sgd_classifier,7,0.6212765957446809,0.8397163120567376,0.8,0.7191489361702128,1.0,0.6178861788617886,0.2978723404255319,1.0,0.6385861730957735
hard,svm + random_forest + naive_bayes + logistic_regression + ridge_classifier + gradient_boosting + sgd_classifier,7,0.6212765957446809,0.8397163120567376,0.8,0.7191489361702128,1.0,0.6299212598425197,0.2826086956521739,1.0,0.6375099851648979
hard,naive_bayes + ridge_classifier + decision_tree + sgd_classifier,4,0.6212765957446809,0.8382978723404255,0.8,0.7276595744680852,0.9872340425531915,0.5765765765765766,0.28888888888888886,0.9801324503311258,0.6151993052655303
hard,knn + naive_bayes + ridge_classifier + decision_tree + sgd_classifier,5,0.6212765957446809,0.8382978723404255,0.8085106382978723,0.7191489361702128,0.9872340425531915,0.6086956521739131,0.2826086956521739,0.9801324503311258,0.6238122660524043
hard,knn + naive_bayes + logistic_regression + ridge_classifier + decision_tree + sgd_classifier,6,0.6212765957446809,0.8382978723404255,0.8085106382978723,0.7191489361702128,0.9872340425531915,0.6086956521739131,0.2826086956521739,0.9801324503311258,0.6238122660524043
soft,knn + naive_bayes + logistic_regression + extra_trees + gradient_boosting + sgd_classifier,6,0.6212765957446809,0.8382978723404255,0.7957446808510639,0.7191489361702128,1.0,0.6,0.2826086956521739,1.0,0.6275362318840579
hard,knn + random_forest + naive_bayes + logistic_regression + ridge_classifier + decision_tree + sgd_classifier,7,0.6212765957446809,0.8382978723404255,0.8,0.7148936170212766,1.0,0.6115702479338843,0.29473684210526313,1.0,0.6354356966797158
hard,knn + svm + naive_bayes + logistic_regression + ridge_classifier + extra_trees + sgd_classifier,7,0.6212765957446809,0.8382978723404255,0.8042553191489362,0.723404255319149,0.9872340425531915,0.603448275862069,0.3157894736842105,0.9801324503311258,0.6331233999591351
hard,random_forest + naive_bayes + logistic_regression + decision_tree + sgd_classifier,5,0.6212765957446809,0.8368794326241135,0.7914893617021277,0.7191489361702128,1.0,0.5882352941176471,0.2978723404255319,1.0,0.6287025448477263
hard,svm + random_forest + naive_bayes + logistic_regression + ridge_classifier + extra_trees + sgd_classifier,7,0.6212765957446809,0.8368794326241135,0.7872340425531915,0.723404255319149,1.0,0.5901639344262295,0.3157894736842105,1.0,0.6353178027034799
soft,knn + naive_bayes + logistic_regression + extra_trees,4,0.6212765957446809,0.8354609929078015,0.8,0.723404255319149,0.9829787234042553,0.5982905982905983,0.3157894736842105,0.9733333333333334,0.6291378017693807
hard,random_forest + naive_bayes + logistic_regression + extra_trees + sgd_classifier,5,0.6212765957446809,0.8354609929078015,0.7829787234042553,0.723404255319149,1.0,0.5641025641025641,0.3157894736842105,1.0,0.6266306792622581
soft,knn + sgd_classifier,2,0.6212765957446809,0.8340425531914893,0.8,0.7063829787234043,0.9957446808510638,0.6050420168067226,0.2247191011235955,0.9934640522875817,0.6077417234059667
hard,naive_bayes + logistic_regression + ridge_classifier + decision_tree + extra_trees + gradient_boosting + sgd_classifier,7,0.6170212765957447,0.8439716312056738,0.8042553191489362,0.7276595744680852,1.0,0.640625,0.3333333333333333,1.0,0.657986111111111
hard,logistic_regression + gradient_boosting + sgd_classifier,3,0.6170212765957447,0.8425531914893618,0.8042553191489362,0.723404255319149,1.0,0.6515151515151515,0.38095238095238093,1.0,0.6774891774891775
soft,logistic_regression + decision_tree + sgd_classifier,3,0.6170212765957447,0.8411347517730497,0.7872340425531915,0.7361702127659574,1.0,0.6031746031746031,0.3541666666666667,1.0,0.6524470899470899
hard,knn + naive_bayes + logistic_regression + ridge_classifier + decision_tree + gradient_boosting + sgd_classifier,7,0.6170212765957447,0.8411347517730497,0.8042553191489362,0.7191489361702128,1.0,0.6349206349206349,0.2826086956521739,1.0,0.6391764435242696
hard,knn + logistic_regression + sgd_classifier,3,0.6170212765957447,0.8397163120567376,0.8085106382978723,0.7148936170212766,0.9957446808510638,0.64,0.37383177570093457,0.9934640522875817,0.6690986093295054
hard,random_forest + naive_bayes + logistic_regression + ridge_classifier + extra_trees + gradient_boosting + sgd_classifier,7,0.6170212765957447,0.8397163120567376,0.7957446808510639,0.723404255319149,1.0,0.6190476190476191,0.3157894736842105,1.0,0.6449456975772766
hard,knn + naive_bayes + decision_tree + gradient_boosting,4,0.6170212765957447,0.8382978723404255,0.7914893617021277,0.7702127659574468,0.9531914893617022,0.5050505050505051,0.03571428571428571,0.9230769230769231,0.487947237947238
hard,knn + svm + logistic_regression + ridge_classifier + sgd_classifier,5,0.6170212765957447,0.8382978723404255,0.8042553191489362,0.7148936170212766,0.9957446808510638,0.640625,0.37383177570093457,0.9934640522875817,0.6693069426628387
soft,knn + svm + naive_bayes + logistic_regression + sgd_classifier,5,0.6170212765957447,0.8382978723404255,0.8,0.7191489361702128,0.9957446808510638,0.6050420168067226,0.2826086956521739,0.9934640522875817,0.6270382549154928
soft,knn + svm + random_forest + naive_bayes + logistic_regression + sgd_classifier,6,0.6170212765957447,0.8382978723404255,0.8,0.7148936170212766,1.0,0.5982905982905983,0.24719101123595505,1.0,0.6151605365088512
hard,knn + random_forest + naive_bayes + logistic_regression + ridge_classifier + gradient_boosting + sgd_classifier,7,0.6170212765957447,0.8382978723404255,0.8,0.7148936170212766,1.0,0.624,0.27956989247311825,1.0,0.6345232974910394
soft,knn + logistic_regression + extra_trees,3,0.6170212765957447,0.8368794326241135,0.8,0.7276595744680852,0.9829787234042553,0.624,0.30434782608695654,0.9733333333333334,0.6338937198067632
hard,naive_bayes + ridge_classifier + decision_tree + extra_trees + sgd_classifier,5,0.6170212765957447,0.8368794326241135,0.7914893617021277,0.7276595744680852,0.9914893617021276,0.5811965811965812,0.3333333333333333,0.9868421052631579,0.6337906732643575
soft,svm + random_forest + naive_bayes + logistic_regression + sgd_classifier,5,0.6170212765957447,0.8368794326241135,0.8042553191489362,0.7063829787234043,1.0,0.6101694915254238,0.2736842105263158,1.0,0.6279512340172465
hard,naive_bayes + logistic_regression + ridge_classifier + decision_tree + extra_trees + sgd_classifier,6,0.6170212765957447,0.8368794326241135,0.7914893617021277,0.7276595744680852,0.9914893617021276,0.5811965811965812,0.3333333333333333,0.9868421052631579,0.6337906732643575
soft,random_forest + naive_bayes + sgd_classifier,3,0.6170212765957447,0.8354609929078015,0.8,0.7063829787234043,1.0,0.591304347826087,0.2736842105263158,1.0,0.6216628527841342
hard,random_forest + naive_bayes + ridge_classifier + decision_tree + sgd_classifier,5,0.6170212765957447,0.8354609929078015,0.7872340425531915,0.7191489361702128,1.0,0.576271186440678,0.2978723404255319,1.0,0.6247145089554033
hard,random_forest + naive_bayes + logistic_regression + ridge_classifier + decision_tree + sgd_classifier,6,0.6170212765957447,0.8354609929078015,0.7872340425531915,0.7191489361702128,1.0,0.576271186440678,0.2978723404255319,1.0,0.6247145089554033
soft,random_forest + sgd_classifier,2,0.6170212765957447,0.8340425531914893,0.7914893617021277,0.7106382978723405,1.0,0.5950413223140496,0.32,1.0,0.6383471074380166
soft,knn + random_forest + logistic_regression + gradient_boosting,4,0.6170212765957447,0.8340425531914893,0.7829787234042553,0.7191489361702128,1.0,0.5984251968503937,0.23255813953488372,1.0,0.6103277787950925
hard,knn + random_forest + naive_bayes + ridge_classifier + sgd_classifier,5,0.6170212765957447,0.8340425531914893,0.8,0.7148936170212766,0.9872340425531915,0.591304347826087,0.27956989247311825,0.9801324503311258,0.6170022302101104
hard,knn + random_forest + naive_bayes + logistic_regression + ridge_classifier + sgd_classifier,6,0.6170212765957447,0.8340425531914893,0.8,0.7148936170212766,0.9872340425531915,0.591304347826087,0.27956989247311825,0.9801324503311258,0.6170022302101104
hard,naive_bayes + extra_trees,2,0.6170212765957447,0.8326241134751773,0.8170212765957446,0.7531914893617021,0.9276595744680851,0.5057471264367817,0.17142857142857143,0.8759124087591241,0.5176960355414925
hard,knn + naive_bayes + extra_trees + gradient_boosting,4,0.6170212765957447,0.8312056737588652,0.8,0.7617021276595745,0.9319148936170213,0.5346534653465347,0.06666666666666667,0.8840579710144928,0.49512603434256475
hard,knn + naive_bayes + extra_trees,3,0.6170212765957447,0.8297872340425533,0.7957446808510639,0.7617021276595745,0.9319148936170213,0.5471698113207547,0.2222222222222222,0.8840579710144928,0.5511500015191566
soft,knn + naive_bayes + extra_trees,3,0.6170212765957447,0.8297872340425533,0.7957446808510639,0.7617021276595745,0.9319148936170213,0.5555555555555556,0.2631578947368421,0.8857142857142857,0.5681425786688944
hard,knn + naive_bayes + logistic_regression + extra_trees,4,0.6170212765957447,0.8297872340425533,0.7957446808510639,0.7617021276595745,0.9319148936170213,0.5471698113207547,0.2222222222222222,0.8840579710144928,0.5511500015191566
hard,knn + naive_bayes + ridge_classifier + extra_trees,4,0.6170212765957447,0.8297872340425533,0.7957446808510639,0.7617021276595745,0.9319148936170213,0.5471698113207547,0.2222222222222222,0.8840579710144928,0.5511500015191566
soft,naive_bayes + extra_trees,2,0.6170212765957447,0.826950354609929,0.7957446808510639,0.7404255319148936,0.9446808510638298,0.5555555555555556,0.26506024096385544,0.9090909090909091,0.5765689018701067
hard,naive_bayes + logistic_regression + sgd_classifier,3,0.6127659574468085,0.8425531914893618,0.8042553191489362,0.723404255319149,1.0,0.640625,0.4247787610619469,1.0,0.6884679203539822
hard,ridge_classifier + gradient_boosting + sgd_classifier,3,0.6127659574468085,0.8411347517730497,0.8,0.723404255319149,1.0,0.6412213740458015,0.38095238095238093,1.0,0.6740579183327275
hard,logistic_regression + ridge_classifier + gradient_boosting + sgd_classifier,4,0.6127659574468085,0.8411347517730497,0.8,0.723404255319149,1.0,0.6412213740458015,0.38095238095238093,1.0,0.6740579183327275
hard,svm + logistic_regression + ridge_classifier + gradient_boosting + sgd_classifier,5,0.6127659574468085,0.8411347517730497,0.8,0.723404255319149,1.0,0.6412213740458015,0.38095238095238093,1.0,0.6740579183327275
hard,knn + naive_bayes + logistic_regression + ridge_classifier + extra_trees + gradient_boosting + sgd_classifier,7,0.6127659574468085,0.8411347517730497,0.8085106382978723,0.723404255319149,0.9914893617021276,0.628099173553719,0.3157894736842105,0.9868421052631579,0.6435769175003624
hard,svm + naive_bayes,2,0.6127659574468085,0.8397163120567376,0.8042553191489362,0.774468085106383,0.9404255319148936,0.5208333333333334,0.0,0.9,0.47361111111111115
hard,naive_bayes + logistic_regression + ridge_classifier + gradient_boosting,4,0.6127659574468085,0.8397163120567376,0.8085106382978723,0.723404255319149,0.9872340425531915,0.6456692913385826,0.3157894736842105,0.9801324503311258,0.6471970717846397
soft,logistic_regression + extra_trees + gradient_boosting + sgd_classifier,4,0.6127659574468085,0.8397163120567376,0.8,0.7191489361702128,1.0,0.6356589147286822,0.35294117647058826,1.0,0.6628666970664235
hard,svm + naive_bayes + logistic_regression + ridge_classifier + extra_trees,5,0.6127659574468085,0.8397163120567376,0.8,0.7276595744680852,0.9914893617021276,0.6178861788617886,0.36,0.9868421052631579,0.6549094280416489
hard,random_forest + naive_bayes + logistic_regression + ridge_classifier + decision_tree + gradient_boosting + sgd_classifier,7,0.6127659574468085,0.8397163120567376,0.8,0.7191489361702128,1.0,0.6356589147286822,0.2978723404255319,1.0,0.644510418384738
hard,knn + random_forest + naive_bayes,3,0.6127659574468085,0.8382978723404255,0.8,0.7617021276595745,0.9531914893617022,0.5523809523809524,0.2,0.9230769230769231,0.5584859584859585
hard,knn + random_forest + naive_bayes + logistic_regression,4,0.6127659574468085,0.8382978723404255,0.8,0.7617021276595745,0.9531914893617022,0.5523809523809524,0.2,0.9230769230769231,0.5584859584859585
hard,knn + random_forest + naive_bayes + ridge_classifier,4,0.6127659574468085,0.8382978723404255,0.8,0.7617021276595745,0.9531914893617022,0.5523809523809524,0.2,0.9230769230769231,0.5584859584859585
hard,knn + svm + naive_bayes + logistic_regression + ridge_classifier,5,0.6127659574468085,0.8368794326241136,0.8042553191489362,0.7191489361702128,0.9872340425531915,0.6166666666666667,0.32653061224489793,0.9801324503311258,0.6411099097475635
hard,ridge_classifier + sgd_classifier,2,0.6127659574468085,0.8368794326241135,0.8042553191489362,0.723404255319149,0.9829787234042553,0.6229508196721312,0.38095238095238093,0.9733333333333334,0.6590788446526151
soft,naive_bayes + sgd_classifier,2,0.6127659574468085,0.8368794326241135,0.8042553191489362,0.7106382978723405,0.9957446808510638,0.6166666666666667,0.32,0.9935483870967742,0.6434050179211469
soft,random_forest + naive_bayes + logistic_regression,3,0.6127659574468085,0.8368794326241135,0.8127659574468085,0.6978723404255319,1.0,0.6271186440677966,0.3238095238095238,1.0,0.6503093892924402
hard,knn + random_forest + naive_bayes + extra_trees,4,0.6127659574468085,0.8368794326241135,0.8127659574468085,0.7659574468085106,0.9319148936170213,0.5111111111111111,0.15384615384615385,0.8840579710144928,0.5163384119905859
hard,knn + svm + random_forest + naive_bayes,4,0.6127659574468085,0.8368794326241135,0.7957446808510639,0.7659574468085106,0.948936170212766,0.5102040816326531,0.03508771929824561,0.9154929577464789,0.4869282528924592
hard,knn + naive_bayes + logistic_regression + ridge_classifier + decision_tree + extra_trees + sgd_classifier,7,0.6127659574468085,0.8368794326241135,0.7957446808510639,0.723404255319149,0.9914893617021276,0.6,0.32989690721649484,0.9868421052631579,0.6389130041598842
soft,knn + random_forest + naive_bayes + logistic_regression,4,0.6127659574468085,0.8354609929078015,0.8,0.7106382978723405,0.9957446808510638,0.5982905982905983,0.30612244897959184,0.9934640522875817,0.6326256998525907
soft,random_forest + logistic_regression + extra_trees + sgd_classifier,4,0.6127659574468085,0.8354609929078015,0.7957446808510639,0.7106382978723405,1.0,0.625,0.3333333333333333,1.0,0.6527777777777778
soft,svm + naive_bayes + logistic_regression + sgd_classifier,4,0.6127659574468085,0.8354609929078015,0.7957446808510639,0.7106382978723405,1.0,0.6,0.30612244897959184,1.0,0.6353741496598639
hard,random_forest + naive_bayes + logistic_regression + ridge_classifier,4,0.6127659574468085,0.8340425531914893,0.7914893617021277,0.723404255319149,0.9872340425531915,0.5739130434782609,0.32989690721649484,0.9801324503311258,0.6279808003419606
hard,random_forest + naive_bayes + ridge_classifier + sgd_classifier,4,0.6127659574468085,0.8340425531914893,0.7957446808510639,0.7191489361702128,0.9872340425531915,0.5636363636363636,0.2826086956521739,0.9801324503311258,0.6087925032065544
hard,knn + naive_bayes + logistic_regression + extra_trees + sgd_classifier,5,0.6127659574468085,0.8340425531914893,0.8042553191489362,0.723404255319149,0.9744680851063829,0.5964912280701754,0.3157894736842105,0.9594594594594594,0.6239133870712817
hard,random_forest + naive_bayes + logistic_regression + ridge_classifier + decision_tree + extra_trees + sgd_classifier,7,0.6127659574468085,0.8340425531914893,0.7787234042553192,0.723404255319149,1.0,0.5737704918032787,0.32989690721649484,1.0,0.6345557996732578
hard,knn + svm + naive_bayes + extra_trees,4,0.6127659574468085,0.8326241134751773,0.8042553191489362,0.7617021276595745,0.9319148936170213,0.5306122448979592,0.06666666666666667,0.8840579710144928,0.49377896085970624
hard,knn + naive_bayes + ridge_classifier + extra_trees + sgd_classifier,5,0.6127659574468085,0.8326241134751773,0.8042553191489362,0.723404255319149,0.9702127659574468,0.5964912280701754,0.3157894736842105,0.9523809523809523,0.6215538847117794
soft,knn + random_forest + logistic_regression + gradient_boosting + sgd_classifier,5,0.6127659574468085,0.8326241134751773,0.7872340425531915,0.7106382978723405,1.0,0.609375,0.2916666666666667,1.0,0.6336805555555556
hard,knn + naive_bayes + logistic_regression + ridge_classifier + extra_trees + sgd_classifier,6,0.6127659574468085,0.8326241134751773,0.8042553191489362,0.723404255319149,0.9702127659574468,0.5964912280701754,0.3157894736842105,0.9523809523809523,0.6215538847117794
hard,knn + naive_bayes + extra_trees + sgd_classifier,4,0.6127659574468085,0.8297872340425533,0.7957446808510639,0.7617021276595745,0.9319148936170213,0.5384615384615384,0.2,0.8840579710144928,0.5408398364920104
hard,random_forest + naive_bayes + logistic_regression + ridge_classifier + gradient_boosting,5,0.6085106382978723,0.8397163120567376,0.7957446808510639,0.723404255319149,1.0,0.6307692307692307,0.32989690721649484,1.0,0.6535553793285752
hard,random_forest + naive_bayes,2,0.6085106382978723,0.8382978723404255,0.8127659574468085,0.7574468085106383,0.9446808510638298,0.4883720930232558,0.12307692307692308,0.9078014184397163,0.5064168115132984
hard,knn + logistic_regression + ridge_classifier + gradient_boosting + sgd_classifier,5,0.6085106382978723,0.8382978723404255,0.8,0.7148936170212766,1.0,0.6412213740458015,0.37383177570093457,1.0,0.671684383248912
hard,svm + random_forest + logistic_regression + ridge_classifier + sgd_classifier,5,0.6085106382978723,0.8382978723404255,0.8042553191489362,0.7106382978723405,1.0,0.6515151515151515,0.38181818181818183,1.0,0.6777777777777777
soft,knn + random_forest + logistic_regression + extra_trees + sgd_classifier,5,0.6085106382978723,0.8382978723404255,0.8042553191489362,0.7106382978723405,1.0,0.6229508196721312,0.30612244897959184,1.0,0.6430244228839076
hard,logistic_regression + extra_trees + sgd_classifier,3,0.6085106382978723,0.8368794326241135,0.8,0.7148936170212766,0.9957446808510638,0.6412213740458015,0.3853211009174312,0.9934640522875817,0.6733355090836048
hard,knn + random_forest + naive_bayes + sgd_classifier,4,0.6085106382978723,0.8368794326241135,0.7957446808510639,0.7659574468085106,0.948936170212766,0.5294117647058824,0.1791044776119403,0.9154929577464789,0.5413364000214339
hard,random_forest + logistic_regression + ridge_classifier + sgd_classifier,4,0.6085106382978723,0.8368794326241135,0.8,0.7106382978723405,1.0,0.6356589147286822,0.38181818181818183,1.0,0.6724923655156214
hard,svm + logistic_regression + ridge_classifier + extra_trees + sgd_classifier,5,0.6085106382978723,0.8368794326241135,0.8,0.7148936170212766,0.9957446808510638,0.6466165413533834,0.3853211009174312,0.9934640522875817,0.675133898186132
hard,random_forest + logistic_regression + sgd_classifier,3,0.6085106382978723,0.8354609929078015,0.7957446808510639,0.7106382978723405,1.0,0.6307692307692307,0.38181818181818183,1.0,0.6708624708624709
hard,random_forest + ridge_classifier + sgd_classifier,3,0.6085106382978723,0.8354609929078015,0.7957446808510639,0.7106382978723405,1.0,0.6307692307692307,0.38181818181818183,1.0,0.6708624708624709
hard,naive_bayes + ridge_classifier + gradient_boosting,3,0.6085106382978723,0.8340425531914893,0.8127659574468085,0.723404255319149,0.9659574468085106,0.65625,0.3157894736842105,0.9487179487179487,0.6402524741340531
soft,knn + logistic_regression + gradient_boosting,3,0.6085106382978723,0.8340425531914893,0.7829787234042553,0.7191489361702128,1.0,0.6106870229007634,0.3125,1.0,0.6410623409669212
hard,knn + svm + naive_bayes + decision_tree,4,0.6085106382978723,0.8340425531914893,0.7829787234042553,0.7702127659574468,0.948936170212766,0.4742268041237113,0.03571428571428571,0.9154929577464789,0.47514468252815867
hard,naive_bayes + logistic_regression + extra_trees + sgd_classifier,4,0.6085106382978723,0.8340425531914893,0.8042553191489362,0.7276595744680852,0.9702127659574468,0.5818181818181818,0.3191489361702128,0.9523809523809523,0.6177826901231156
soft,random_forest + naive_bayes + logistic_regression + extra_trees + gradient_boosting + sgd_classifier,6,0.6085106382978723,0.8340425531914893,0.7914893617021277,0.7106382978723405,1.0,0.5950413223140496,0.2765957446808511,1.0,0.6238790223316336
hard,random_forest + naive_bayes + logistic_regression + ridge_classifier + extra_trees + sgd_classifier,6,0.6085106382978723,0.8326241134751774,0.7829787234042553,0.723404255319149,0.9914893617021276,0.5565217391304348,0.3157894736842105,0.9868421052631579,0.6197177726926011
hard,knn + random_forest + naive_bayes + logistic_regression + ridge_classifier + extra_trees + sgd_classifier,7,0.6085106382978723,0.8326241134751774,0.7872340425531915,0.7191489361702128,0.9914893617021276,0.576271186440678,0.3125,0.9868421052631579,0.6252044305679453
hard,knn + naive_bayes + decision_tree,3,0.6085106382978723,0.8326241134751773,0.7914893617021277,0.7531914893617021,0.9531914893617022,0.5242718446601942,0.19444444444444445,0.9230769230769231,0.5472644040605206
hard,naive_bayes + extra_trees + sgd_classifier,3,0.6085106382978723,0.8326241134751773,0.8,0.7276595744680852,0.9702127659574468,0.5765765765765766,0.3191489361702128,0.9523809523809523,0.6160354883759139
soft,naive_bayes + logistic_regression + gradient_boosting,3,0.6085106382978723,0.8326241134751773,0.7914893617021277,0.7063829787234043,1.0,0.5950413223140496,0.31683168316831684,1.0,0.6372910018274555
hard,knn + naive_bayes + logistic_regression + decision_tree,4,0.6085106382978723,0.8326241134751773,0.7914893617021277,0.7531914893617021,0.9531914893617022,0.5242718446601942,0.19444444444444445,0.9230769230769231,0.5472644040605206
hard,knn + naive_bayes + ridge_classifier + decision_tree,4,0.6085106382978723,0.8326241134751773,0.7914893617021277,0.7531914893617021,0.9531914893617022,0.5242718446601942,0.19444444444444445,0.9230769230769231,0.5472644040605206
hard,naive_bayes + ridge_classifier + extra_trees + sgd_classifier,4,0.6085106382978723,0.8326241134751773,0.8042553191489362,0.7276595744680852,0.9659574468085106,0.5818181818181818,0.3191489361702128,0.9452054794520548,0.6153908658134831
soft,naive_bayes + logistic_regression + extra_trees,3,0.6085106382978723,0.8312056737588653,0.8042553191489362,0.7063829787234043,0.9829787234042553,0.6101694915254238,0.31683168316831684,0.9736842105263158,0.6335617950733522
hard,random_forest + naive_bayes + ridge_classifier + extra_trees + sgd_classifier,5,0.6085106382978723,0.8312056737588653,0.7787234042553192,0.723404255319149,0.9914893617021276,0.5517241379310345,0.3157894736842105,0.9868421052631579,0.618118572292801
hard,knn + naive_bayes + decision_tree + extra_trees,4,0.6085106382978723,0.8297872340425533,0.8,0.7574468085106383,0.9319148936170213,0.45977011494252873,0.12307692307692308,0.8840579710144928,0.4889683363446482
hard,random_forest + naive_bayes + ridge_classifier,3,0.6085106382978723,0.8283687943262411,0.7957446808510639,0.723404255319149,0.9659574468085106,0.5862068965517241,0.32989690721649484,0.9487179487179487,0.6216072508287226
hard,naive_bayes + logistic_regression + ridge_classifier + extra_trees + gradient_boosting,5,0.6042553191489362,0.8425531914893618,0.8085106382978723,0.7276595744680852,0.9914893617021276,0.6511627906976745,0.36,0.9868421052631579,0.6660016319869442
hard,naive_bayes + logistic_regression + decision_tree,3,0.6042553191489362,0.8411347517730497,0.7957446808510639,0.7276595744680852,1.0,0.6065573770491803,0.37254901960784315,1.0,0.6597021322190079
hard,svm + naive_bayes + logistic_regression + ridge_classifier + decision_tree,5,0.6042553191489362,0.8411347517730497,0.7957446808510639,0.7276595744680852,1.0,0.6190476190476191,0.37254901960784315,1.0,0.6638655462184874
hard,svm + naive_bayes + logistic_regression + ridge_classifier + sgd_classifier,5,0.6042553191489362,0.8411347517730497,0.8,0.723404255319149,1.0,0.6412213740458015,0.4247787610619469,1.0,0.6886667117025828
hard,decision_tree + extra_trees,2,0.6042553191489362,0.8397163120567376,0.7957446808510639,0.7659574468085106,0.9574468085106383,0.35135135135135137,0.09836065573770492,0.9305555555555556,0.460089187548204
hard,logistic_regression + ridge_classifier + extra_trees + gradient_boosting + sgd_classifier,5,0.6042553191489362,0.8382978723404255,0.8,0.7148936170212766,1.0,0.6518518518518519,0.3853211009174312,1.0,0.6790576509230943
hard,random_forest + logistic_regression + ridge_classifier + gradient_boosting + sgd_classifier,5,0.6042553191489362,0.8382978723404255,0.8042553191489362,0.7106382978723405,1.0,0.6567164179104478,0.38181818181818183,1.0,0.6795115332428766
hard,knn + random_forest + naive_bayes + decision_tree,4,0.6042553191489362,0.8368794326241135,0.8,0.7574468085106383,0.9531914893617022,0.43373493975903615,0.09523809523809523,0.9230769230769231,0.48401665269135147
hard,knn + random_forest + logistic_regression + ridge_classifier + sgd_classifier,5,0.6042553191489362,0.8368794326241135,0.8042553191489362,0.7063829787234043,1.0,0.6461538461538462,0.3783783783783784,1.0,0.6748440748440748
soft,knn + logistic_regression + extra_trees + sgd_classifier,4,0.6042553191489362,0.8354609929078015,0.8042553191489362,0.7063829787234043,0.9957446808510638,0.6290322580645161,0.3300970873786408,0.9934640522875817,0.6508644659102462
hard,knn + ridge_classifier + sgd_classifier,3,0.6042553191489362,0.8340425531914893,0.8042553191489362,0.7148936170212766,0.9829787234042553,0.6290322580645161,0.37383177570093457,0.9733333333333334,0.6587324556995947
hard,knn + logistic_regression + ridge_classifier + sgd_classifier,4,0.6042553191489362,0.8340425531914893,0.8042553191489362,0.7148936170212766,0.9829787234042553,0.6290322580645161,0.37383177570093457,0.9733333333333334,0.6587324556995947
soft,random_forest + logistic_regression + gradient_boosting + sgd_classifier,4,0.6042553191489362,0.8340425531914893,0.7914893617021277,0.7106382978723405,1.0,0.631578947368421,0.34615384615384615,1.0,0.6592442645074224
soft,random_forest + naive_bayes + logistic_regression + gradient_boosting + sgd_classifier,5,0.6042553191489362,0.8326241134751773,0.7914893617021277,0.7063829787234043,1.0,0.6016260162601627,0.31683168316831684,1.0,0.6394858998094931
soft,knn + random_forest + naive_bayes + logistic_regression + extra_trees + sgd_classifier,6,0.6042553191489362,0.8326241134751773,0.8,0.6978723404255319,1.0,0.5982905982905983,0.26804123711340205,1.0,0.6221106118013334
soft,knn + logistic_regression + gradient_boosting + sgd_classifier,4,0.6042553191489362,0.8312056737588653,0.7872340425531915,0.7063829787234043,1.0,0.6153846153846154,0.31683168316831684,1.0,0.6440720995176441
hard,knn + random_forest + naive_bayes + logistic_regression + ridge_classifier,5,0.6042553191489362,0.8312056737588653,0.7914893617021277,0.7148936170212766,0.9872340425531915,0.5882352941176471,0.32323232323232326,0.9801324503311258,0.6305333558936987
soft,knn + random_forest + naive_bayes + logistic_regression + gradient_boosting + sgd_classifier,6,0.6042553191489362,0.8312056737588653,0.7914893617021277,0.7021276595744681,1.0,0.5950413223140496,0.2553191489361702,1.0,0.6167868237500732
soft,naive_bayes + logistic_regression + extra_trees + gradient_boosting + sgd_classifier,5,0.6042553191489362,0.8297872340425533,0.7872340425531915,0.7021276595744681,1.0,0.5901639344262295,0.3,1.0,0.6300546448087432
soft,knn + naive_bayes + logistic_regression + gradient_boosting + sgd_classifier,5,0.6042553191489362,0.8283687943262411,0.7872340425531915,0.6978723404255319,1.0,0.5901639344262295,0.2828282828282828,1.0,0.6243307390848375
soft,random_forest + naive_bayes + logistic_regression + extra_trees + sgd_classifier,5,0.6042553191489362,0.8283687943262411,0.7829787234042553,0.7021276595744681,1.0,0.5785123966942148,0.3137254901960784,1.0,0.6307459622967645
hard,logistic_regression + decision_tree + sgd_classifier,3,0.6,0.8411347517730497,0.8,0.723404255319149,1.0,0.6412213740458015,0.4247787610619469,1.0,0.6886667117025828
hard,naive_bayes + logistic_regression + ridge_classifier + decision_tree + gradient_boosting,5,0.6,0.8411347517730497,0.7957446808510639,0.7276595744680852,1.0,0.6307692307692307,0.37254901960784315,1.0,0.6677727501256913
hard,random_forest + naive_bayes + logistic_regression + ridge_classifier + sgd_classifier,5,0.6,0.8397163120567376,0.8,0.7191489361702128,1.0,0.6412213740458015,0.42105263157894735,1.0,0.687424668541583
hard,random_forest + naive_bayes + logistic_regression + ridge_classifier + decision_tree,5,0.6,0.8382978723404255,0.7872340425531915,0.7276595744680852,1.0,0.5967741935483871,0.37254901960784315,1.0,0.6564410710520767
hard,naive_bayes + logistic_regression + ridge_classifier + sgd_classifier,4,0.6,0.8368794326241136,0.8,0.723404255319149,0.9872340425531915,0.6299212598425197,0.4247787610619469,0.9801324503311258,0.6782774904118641
hard,knn + naive_bayes + logistic_regression + ridge_classifier + gradient_boosting,5,0.6,0.8368794326241136,0.8042553191489362,0.7191489361702128,0.9872340425531915,0.640625,0.32653061224489793,0.9801324503311258,0.6490960208586746
hard,random_forest + logistic_regression + ridge_classifier + extra_trees + sgd_classifier,5,0.6,0.8340425531914893,0.7957446808510639,0.7063829787234043,1.0,0.6417910447761194,0.3783783783783784,1.0,0.6733898077181659
hard,naive_bayes + logistic_regression + extra_trees,3,0.6,0.8326241134751774,0.7957446808510639,0.7276595744680852,0.9744680851063829,0.5789473684210527,0.36,0.9594594594594594,0.6328022759601707
hard,random_forest + naive_bayes + logistic_regression + ridge_classifier + extra_trees,5,0.6,0.8326241134751774,0.7829787234042553,0.723404255319149,0.9914893617021276,0.5714285714285714,0.3564356435643564,0.9868421052631579,0.6382354400853619
soft,random_forest + naive_bayes + logistic_regression + sgd_classifier,4,0.6,0.8326241134751773,0.7872340425531915,0.7106382978723405,1.0,0.5967741935483871,0.37037037037037035,1.0,0.6557148546395858
hard,naive_bayes + logistic_regression + ridge_classifier + extra_trees,4,0.6,0.8312056737588653,0.7957446808510639,0.7276595744680852,0.9702127659574468,0.5789473684210527,0.36,0.9523809523809523,0.6304427736006684
soft,knn + random_forest + logistic_regression + sgd_classifier,4,0.6,0.8312056737588653,0.7914893617021277,0.7021276595744681,1.0,0.6141732283464567,0.3269230769230769,1.0,0.6470321017565112
hard,knn + naive_bayes + decision_tree + sgd_classifier,4,0.6,0.8312056737588652,0.7872340425531915,0.7574468085106383,0.948936170212766,0.5098039215686274,0.17391304347826086,0.9154929577464789,0.5330699742644557
soft,knn + naive_bayes + logistic_regression + gradient_boosting,4,0.6,0.8312056737588652,0.7829787234042553,0.7148936170212766,0.9957446808510638,0.5714285714285714,0.27956989247311825,0.9934640522875817,0.6148208387297571
soft,logistic_regression + extra_trees + sgd_classifier,3,0.6,0.8297872340425533,0.7914893617021277,0.7021276595744681,0.9957446808510638,0.6201550387596899,0.36363636363636365,0.9934640522875817,0.6590851515612117
soft,naive_bayes + logistic_regression + extra_trees + sgd_classifier,4,0.6,0.8297872340425533,0.7829787234042553,0.7063829787234043,1.0,0.5853658536585366,0.34285714285714286,1.0,0.6427409988385598
soft,knn + random_forest + naive_bayes + logistic_regression + sgd_classifier,5,0.6,0.8297872340425533,0.7914893617021277,0.6978723404255319,1.0,0.5950413223140496,0.3106796116504854,1.0,0.6352403113215117
soft,naive_bayes + logistic_regression + gradient_boosting + sgd_classifier,4,0.6,0.8283687943262411,0.7787234042553192,0.7063829787234043,1.0,0.5806451612903226,0.35514018691588783,1.0,0.6452617827354035
soft,knn + extra_trees,2,0.6,0.8212765957446809,0.774468085106383,0.7617021276595745,0.9276595744680851,0.4536082474226804,0.2222222222222222,0.8759124087591241,0.5172476261346756
hard,logistic_regression + ridge_classifier + decision_tree + sgd_classifier,4,0.5957446808510638,0.8397163120567376,0.7957446808510639,0.723404255319149,1.0,0.6307692307692307,0.4247787610619469,1.0,0.685182663943726
hard,logistic_regression + ridge_classifier + decision_tree + gradient_boosting + sgd_classifier,5,0.5957446808510638,0.8397163120567376,0.7957446808510639,0.723404255319149,1.0,0.6363636363636364,0.4247787610619469,1.0,0.6870474658085278
hard,naive_bayes + logistic_regression + ridge_classifier + gradient_boosting + sgd_classifier,5,0.5957446808510638,0.8397163120567376,0.7957446808510639,0.723404255319149,1.0,0.6417910447761194,0.4247787610619469,1.0,0.6888566019460222
hard,svm + logistic_regression + ridge_classifier + decision_tree + sgd_classifier,5,0.5957446808510638,0.8397163120567376,0.7957446808510639,0.723404255319149,1.0,0.6363636363636364,0.4247787610619469,1.0,0.6870474658085278
hard,naive_bayes + logistic_regression + ridge_classifier + decision_tree,4,0.5957446808510638,0.8368794326241136,0.7957446808510639,0.7276595744680852,0.9872340425531915,0.6065573770491803,0.37254901960784315,0.9801324503311258,0.6530796156627164
soft,logistic_regression + gradient_boosting + sgd_classifier,3,0.5957446808510638,0.8368794326241135,0.8042553191489362,0.7063829787234043,1.0,0.6567164179104478,0.3669724770642202,1.0,0.674562964991556
hard,knn + naive_bayes + logistic_regression + ridge_classifier + sgd_classifier,5,0.5957446808510638,0.8354609929078015,0.8,0.7191489361702128,0.9872340425531915,0.6299212598425197,0.42105263157894735,0.9801324503311258,0.6770354472508643
soft,random_forest + logistic_regression + gradient_boosting,3,0.5957446808510638,0.8340425531914893,0.7914893617021277,0.7106382978723405,1.0,0.6259541984732825,0.32,1.0,0.6486513994910942
hard,logistic_regression + ridge_classifier + extra_trees + sgd_classifier,4,0.5957446808510638,0.8340425531914893,0.8,0.7148936170212766,0.9872340425531915,0.6356589147286822,0.3853211009174312,0.9801324503311258,0.6670374886590799
hard,ridge_classifier + extra_trees + sgd_classifier,3,0.5957446808510638,0.8326241134751773,0.7957446808510639,0.7148936170212766,0.9872340425531915,0.6307692307692307,0.3853211009174312,0.9801324503311258,0.6654075940059293
hard,naive_bayes + ridge_classifier + sgd_classifier,3,0.5957446808510638,0.8312056737588653,0.8042553191489362,0.723404255319149,0.9659574468085106,0.640625,0.4247787610619469,0.9487179487179487,0.6713739032599652
soft,knn + naive_bayes + logistic_regression + sgd_classifier,4,0.5957446808510638,0.8312056737588652,0.7914893617021277,0.7063829787234043,0.9957446808510638,0.6016260162601627,0.35514018691588783,0.9934640522875817,0.6500767518212107
hard,naive_bayes + ridge_classifier + decision_tree,3,0.5957446808510638,0.8297872340425533,0.8,0.723404255319149,0.9659574468085106,0.6178861788617886,0.36893203883495146,0.9487179487179487,0.6451787221382296
soft,naive_bayes + logistic_regression + sgd_classifier,3,0.5957446808510638,0.8297872340425533,0.7829787234042553,0.7063829787234043,1.0,0.592,0.4,1.0,0.664
hard,knn + naive_bayes + logistic_regression + ridge_classifier + extra_trees,5,0.5957446808510638,0.8297872340425533,0.7957446808510639,0.7191489361702128,0.9744680851063829,0.5932203389830508,0.35294117647058826,0.9594594594594594,0.6352069916376996
soft,knn + decision_tree,2,0.5957446808510638,0.8283687943262411,0.7446808510638298,0.7404255319148936,1.0,0.4339622641509434,0.26506024096385544,1.0,0.5663408350382663
hard,naive_bayes + ridge_classifier + extra_trees,3,0.5957446808510638,0.8255319148936171,0.8,0.7276595744680852,0.948936170212766,0.591304347826087,0.36,0.9210526315789473,0.6241189931350114
hard,naive_bayes + logistic_regression,2,0.5957446808510638,0.824113475177305,0.8042553191489362,0.723404255319149,0.9446808510638298,0.5740740740740741,0.3157894736842105,0.9078014184397163,0.5992216553993336
hard,knn + naive_bayes + sgd_classifier,3,0.5957446808510638,0.824113475177305,0.8042553191489362,0.7191489361702128,0.948936170212766,0.5818181818181818,0.26666666666666666,0.9154929577464789,0.587992602077109
hard,knn + naive_bayes + logistic_regression + sgd_classifier,4,0.5957446808510638,0.824113475177305,0.8042553191489362,0.7191489361702128,0.948936170212766,0.5818181818181818,0.26666666666666666,0.9154929577464789,0.587992602077109
hard,knn + naive_bayes + ridge_classifier + sgd_classifier,4,0.5957446808510638,0.824113475177305,0.8042553191489362,0.7191489361702128,0.948936170212766,0.5818181818181818,0.26666666666666666,0.9154929577464789,0.587992602077109
hard,random_forest + logistic_regression + ridge_classifier + decision_tree + sgd_classifier,5,0.5914893617021276,0.8397163120567376,0.8,0.7191489361702128,1.0,0.6466165413533834,0.43103448275862066,1.0,0.6925503413706681
hard,ridge_classifier + decision_tree + sgd_classifier,3,0.5914893617021276,0.8382978723404255,0.7957446808510639,0.7191489361702128,1.0,0.6307692307692307,0.42105263157894735,1.0,0.683940620782726
hard,knn + logistic_regression + ridge_classifier + decision_tree + sgd_classifier,5,0.5914893617021276,0.8382978723404255,0.8,0.7148936170212766,1.0,0.6412213740458015,0.41739130434782606,1.0,0.6862042261312092
hard,naive_bayes + logistic_regression + ridge_classifier + decision_tree + extra_trees,5,0.5914893617021276,0.8382978723404255,0.7957446808510639,0.7276595744680852,0.9914893617021276,0.6129032258064516,0.39622641509433965,0.9868421052631579,0.6653239153879831
hard,naive_bayes + logistic_regression + ridge_classifier + extra_trees + sgd_classifier,5,0.5914893617021276,0.8354609929078013,0.7957446808510639,0.7191489361702128,0.9914893617021276,0.6307692307692307,0.42105263157894735,0.9868421052631579,0.6795546558704454
hard,naive_bayes + decision_tree,2,0.5914893617021276,0.8340425531914893,0.8042553191489362,0.7531914893617021,0.9446808510638298,0.39473684210526316,0.12121212121212122,0.9078014184397163,0.4745834605857002
soft,knn + logistic_regression + sgd_classifier,3,0.5914893617021276,0.8340425531914893,0.7872340425531915,0.7148936170212766,1.0,0.6153846153846154,0.3963963963963964,1.0,0.6705936705936706
hard,knn + logistic_regression + ridge_classifier + extra_trees + sgd_classifier,5,0.5914893617021276,0.8326241134751773,0.8,0.7106382978723405,0.9872340425531915,0.6356589147286822,0.38181818181818183,0.9801324503311258,0.6658698489593299
soft,logistic_regression + extra_trees,2,0.5914893617021276,0.8312056737588652,0.8042553191489362,0.6936170212765957,0.9957446808510638,0.6515151515151515,0.3684210526315789,0.9934640522875817,0.6711334188114373
soft,decision_tree + extra_trees,2,0.5914893617021276,0.826950354609929,0.7446808510638298,0.7361702127659574,1.0,0.4339622641509434,0.2619047619047619,1.0,0.5652890086852351
soft,decision_tree + gradient_boosting,2,0.5914893617021276,0.826950354609929,0.7446808510638298,0.7361702127659574,1.0,0.4339622641509434,0.2619047619047619,1.0,0.5652890086852351
soft,logistic_regression + decision_tree,2,0.5914893617021276,0.826950354609929,0.7446808510638298,0.7361702127659574,1.0,0.4339622641509434,0.2619047619047619,1.0,0.5652890086852351
soft,naive_bayes + decision_tree,2,0.5914893617021276,0.826950354609929,0.7446808510638298,0.7361702127659574,1.0,0.4339622641509434,0.2619047619047619,1.0,0.5652890086852351
soft,random_forest + decision_tree,2,0.5914893617021276,0.826950354609929,0.7446808510638298,0.7361702127659574,1.0,0.4339622641509434,0.2619047619047619,1.0,0.5652890086852351
soft,svm + decision_tree,2,0.5914893617021276,0.826950354609929,0.7446808510638298,0.7361702127659574,1.0,0.4339622641509434,0.2619047619047619,1.0,0.5652890086852351
soft,knn + naive_bayes + logistic_regression + extra_trees + sgd_classifier,5,0.5914893617021276,0.826950354609929,0.7957446808510639,0.6936170212765957,0.9914893617021276,0.6,0.29411764705882354,0.9868421052631579,0.6269865841073271
hard,naive_bayes + sgd_classifier,2,0.5914893617021276,0.824113475177305,0.8085106382978723,0.723404255319149,0.9404255319148936,0.5631067961165048,0.25287356321839083,0.9,0.5719934531116319
hard,knn + naive_bayes + logistic_regression,3,0.5914893617021276,0.824113475177305,0.8,0.7191489361702128,0.9531914893617022,0.584070796460177,0.32653061224489793,0.9230769230769231,0.6112261105939993
hard,knn + naive_bayes + logistic_regression + ridge_classifier,4,0.5914893617021276,0.824113475177305,0.8,0.7191489361702128,0.9531914893617022,0.584070796460177,0.32653061224489793,0.9230769230769231,0.6112261105939993
hard,naive_bayes + ridge_classifier,2,0.5914893617021276,0.8184397163120568,0.8085106382978723,0.723404255319149,0.9234042553191489,0.5871559633027523,0.3157894736842105,0.8767123287671232,0.5932192552513621
hard,logistic_regression + ridge_classifier + decision_tree + extra_trees + sgd_classifier,5,0.5872340425531914,0.8397163120567376,0.8042553191489362,0.7148936170212766,1.0,0.6567164179104478,0.42735042735042733,1.0,0.6946889484202917
hard,knn + naive_bayes + logistic_regression + ridge_classifier + decision_tree,5,0.5872340425531914,0.8354609929078015,0.8,0.7191489361702128,0.9872340425531915,0.624,0.36538461538461536,0.9801324503311258,0.6565056885719137
soft,random_forest + logistic_regression + sgd_classifier,3,0.5872340425531914,0.8326241134751773,0.7914893617021277,0.7063829787234043,1.0,0.631578947368421,0.3783783783783784,1.0,0.6699857752489331
soft,knn + random_forest + logistic_regression,3,0.5872340425531914,0.8297872340425533,0.7829787234042553,0.7063829787234043,1.0,0.5984251968503937,0.31683168316831684,1.0,0.6384189600062369
soft,naive_bayes + logistic_regression,2,0.5872340425531914,0.8283687943262411,0.7829787234042553,0.7106382978723405,0.9914893617021276,0.5785123966942148,0.41379310344827586,0.987012987012987,0.659772829051826
soft,knn + naive_bayes,2,0.5872340425531914,0.825531914893617,0.8085106382978723,0.7361702127659574,0.9319148936170213,0.5794392523364486,0.24390243902439024,0.8857142857142857,0.5696853256917082
hard,knn + naive_bayes + ridge_classifier,3,0.5872340425531914,0.8184397163120568,0.8042553191489362,0.7191489361702128,0.9319148936170213,0.5964912280701754,0.32653061224489793,0.8918918918918919,0.6049712440689884
soft,random_forest + logistic_regression,2,0.5829787234042553,0.8368794326241135,0.7957446808510639,0.7148936170212766,1.0,0.6417910447761194,0.42735042735042733,1.0,0.6897138240421823
soft,knn + naive_bayes + logistic_regression,3,0.5829787234042553,0.8212765957446808,0.7829787234042553,0.6978723404255319,0.9829787234042553,0.5785123966942148,0.3106796116504854,0.9733333333333334,0.6208417805593446
hard,naive_bayes + logistic_regression + ridge_classifier + decision_tree + sgd_classifier,5,0.5787234042553191,0.8397163120567376,0.7957446808510639,0.723404255319149,1.0,0.6417910447761194,0.453781512605042,1.0,0.6985241857937204
soft,logistic_regression + gradient_boosting,2,0.5787234042553191,0.8326241134751773,0.7872340425531915,0.7106382978723405,1.0,0.6268656716417911,0.41379310344827586,1.0,0.680219591696689
soft,logistic_regression + sgd_classifier,2,0.574468085106383,0.8340425531914893,0.7957446808510639,0.7106382978723405,0.9957446808510638,0.6470588235294118,0.46875,0.9935483870967742,0.7031190702087287
hard,knn + gradient_boosting,2,0.574468085106383,0.8184397163120568,0.7914893617021277,0.774468085106383,0.8893617021276595,0.4948453608247423,0.0,0.796875,0.43057345360824745
hard,knn + sgd_classifier,2,0.574468085106383,0.8141843971631206,0.7829787234042553,0.7702127659574468,0.8893617021276595,0.49504950495049505,0.12903225806451613,0.796875,0.473652254338337
hard,logistic_regression + ridge_classifier + sgd_classifier,3,0.5702127659574469,0.8368794326241135,0.8,0.7106382978723405,1.0,0.656934306569343,0.5,1.0,0.718978102189781
hard,random_forest + logistic_regression + ridge_classifier,3,0.5702127659574469,0.8368794326241135,0.8,0.7106382978723405,1.0,0.656934306569343,0.5,1.0,0.718978102189781
hard,knn + svm,2,0.5702127659574469,0.8184397163120568,0.7914893617021277,0.774468085106383,0.8893617021276595,0.4731182795698925,0.0,0.796875,0.42333109318996415
hard,knn + naive_bayes,2,0.5702127659574469,0.8113475177304966,0.7872340425531915,0.7659574468085106,0.8808510638297873,0.4897959183673469,0.09836065573770492,0.7777777777777778,0.4553114506276099
hard,knn + logistic_regression,2,0.5702127659574469,0.8113475177304964,0.7829787234042553,0.7617021276595745,0.8893617021276595,0.5048543689320388,0.125,0.796875,0.47557645631067963
hard,knn + ridge_classifier,2,0.5702127659574469,0.8113475177304964,0.7829787234042553,0.7617021276595745,0.8893617021276595,0.5048543689320388,0.125,0.796875,0.47557645631067963
hard,logistic_regression + ridge_classifier + gradient_boosting,3,0.5659574468085107,0.8354609929078015,0.7957446808510639,0.7106382978723405,1.0,0.6470588235294118,0.5,1.0,0.7156862745098039
hard,svm + logistic_regression + ridge_classifier,3,0.5659574468085107,0.8354609929078015,0.7957446808510639,0.7106382978723405,1.0,0.6470588235294118,0.5,1.0,0.7156862745098039
hard,logistic_regression + ridge_classifier + decision_tree,3,0.5659574468085107,0.8340425531914893,0.7957446808510639,0.7063829787234043,1.0,0.6470588235294118,0.49635036496350365,1.0,0.7144697294976385
hard,knn + extra_trees,2,0.5659574468085107,0.8170212765957446,0.8,0.7659574468085106,0.8851063829787233,0.41975308641975306,0.09836065573770492,0.7874015748031497,0.4351717723202026
soft,knn + logistic_regression,2,0.5617021276595745,0.8297872340425533,0.7829787234042553,0.7106382978723405,0.9957446808510638,0.6106870229007634,0.423728813559322,0.9934640522875817,0.675959962915889
hard,knn + random_forest,2,0.5617021276595745,0.8170212765957446,0.7914893617021277,0.7702127659574468,0.8893617021276595,0.3950617283950617,0.06896551724137931,0.796875,0.4203007485454804
hard,logistic_regression + ridge_classifier + extra_trees,3,0.5574468085106383,0.8326241134751774,0.7957446808510639,0.7106382978723405,0.9914893617021276,0.6470588235294118,0.5,0.9868421052631579,0.7113003095975232
hard,logistic_regression + ridge_classifier,2,0.5574468085106383,0.8312056737588653,0.7957446808510639,0.7106382978723405,0.9872340425531915,0.6470588235294118,0.5,0.9801324503311258,0.7090637579535125
hard,knn + logistic_regression + ridge_classifier,3,0.5574468085106383,0.8312056737588653,0.7957446808510639,0.7106382978723405,0.9872340425531915,0.6470588235294118,0.5,0.9801324503311258,0.7090637579535125
hard,naive_bayes + logistic_regression + ridge_classifier,3,0.5574468085106383,0.825531914893617,0.8,0.7106382978723405,0.9659574468085106,0.656934306569343,0.5,0.9487179487179487,0.7018840850957639
hard,knn + decision_tree,2,0.548936170212766,0.8156028368794326,0.7829787234042553,0.774468085106383,0.8893617021276595,0.32,0.07017543859649122,0.796875,0.39568347953216376
